{ "height":15,
 "layers":[
        {
         "data":[0, 0, 39, 39, 0, 39, 0, 0, 0, 0, 0, 0, 0, 0, 0, 0, 0, 39, 39, 0, 39, 39, 39, 39, 39, 39, 39, 39, 39, 39, 39, 39, 39, 210, 200, 228, 39, 39, 39, 39, 0, 0, 0, 39, 39, 0, 0, 0, 39, 39, 39, 0, 39, 0, 0, 0, 39, 39, 39, 39, 39, 39, 39, 39, 39, 210, 200, 228, 39, 39, 39, 39, 39, 39, 39, 39, 0, 0, 0, 0, 39, 39, 39, 0, 39, 0, 0, 0, 0, 0, 0, 0, 0, 0, 0, 39, 39, 39, 39, 39, 39, 39, 39, 39, 39, 39, 39, 39, 39, 39, 39, 39, 210, 200, 228, 39, 39, 39, 39, 39, 0, 0, 0, 0, 39, 0, 0, 0, 39, 39, 0, 39, 0, 0, 0, 0, 39, 0, 0, 0, 210, 200, 200, 228, 39, 39, 39, 39, 39, 39, 39, 39, 39, 39, 39, 39, 39, 39, 39, 39, 0, 0, 0, 0, 0, 39, 0, 0, 0, 0, 0, 39, 0, 0, 39, 0, 0, 0, 0, 0, 210, 200, 228, 39, 39, 39, 210, 200, 228, 39, 39, 39, 39, 39, 39, 39, 39, 210, 200, 228, 0, 0, 0, 39, 0, 0, 0, 0, 0, 39, 0, 0, 0, 0, 0, 0, 39, 0, 0, 0, 39, 39, 39, 39, 39, 39, 39, 39, 39, 39, 39, 39, 39, 210, 200, 228, 39, 39, 39, 39, 0, 0, 0, 0, 0, 0, 0, 39, 0, 0, 0, 0, 39, 0, 0, 0, 0, 0, 0, 0, 39, 39, 39, 39, 39, 39, 39, 39, 210, 200, 200, 228, 39, 39, 39, 39, 39, 39, 39, 39, 0, 0, 0, 39, 39, 39, 0, 0, 0, 0, 0, 0, 0, 0, 39, 39, 39, 0, 0, 0],
         "height":15,
         "name":"Blocks",
         "opacity":1,
         "type":"tilelayer",
         "visible":true,
         "width":20,
         "x":0,
         "y":0
        }, 
        {
         "data":[0, 0, 0, 0, 0, 0, 0, 0, 0, 0, 0, 0, 0, 0, 0, 0, 0, 0, 0, 0, 0, 0, 0, 0, 0, 0, 0, 0, 80, 0, 0, 0, 0, 0, 0, 80, 0, 0, 0, 0, 0, 0, 0, 0, 0, 0, 0, 0, 80, 0, 0, 0, 0, 0, 0, 80, 0, 0, 0, 0, 0, 0, 0, 0, 0, 0, 0, 0, 80, 0, 0, 80, 0, 80, 0, 0, 0, 0, 0, 0, 0, 0, 0, 0, 0, 0, 0, 0, 80, 0, 0, 0, 0, 80, 0, 0, 0, 0, 0, 80, 0, 0, 0, 80, 0, 0, 80, 0, 0, 0, 0, 0, 0, 0, 0, 0, 0, 0, 0, 80, 0, 0, 0, 0, 0, 0, 80, 0, 0, 0, 0, 0, 0, 0, 0, 0, 0, 0, 0, 80, 0, 0, 80, 0, 0, 0, 80, 0, 0, 0, 80, 0, 0, 0, 0, 0, 0, 80, 0, 0, 0, 0, 80, 0, 0, 0, 80, 0, 0, 0, 0, 0, 0, 0, 0, 0, 0, 80, 0, 0, 80, 0, 0, 0, 0, 0, 0, 0, 80, 0, 0, 0, 0, 0, 0, 0, 0, 80, 0, 0, 80, 0, 0, 0, 0, 0, 0, 0, 80, 0, 0, 0, 0, 0, 0, 0, 0, 80, 0, 0, 0, 0, 80, 0, 0, 0, 0, 0, 80, 0, 0, 80, 0, 0, 0, 0, 0, 0, 0, 80, 0, 0, 80, 0, 0, 0, 0, 0, 80, 0, 0, 80, 0, 0, 0, 0, 0, 0, 0, 80, 80, 0, 0, 0, 0, 0, 0, 0, 0, 80, 0, 0, 0, 0, 0, 0, 0, 80, 0, 0, 80, 0, 0, 0, 0, 0, 0, 0, 0, 80, 0, 0, 0, 0, 0, 0, 0, 80, 0, 0],
         "height":15,
         "name":"Ladders",
         "opacity":1,
         "type":"tilelayer",
         "visible":true,
         "width":20,
         "x":0,
         "y":0
        }, 
        {
         "data":[0, 0, 0, 0, 0, 0, 0, 0, 0, 0, 0, 0, 0, 0, 0, 0, 0, 0, 0, 0, 0, 0, 0, 0, 0, 0, 0, 0, 0, 0, 0, 0, 0, 0, 0, 0, 0, 0, 0, 0, 321, 321, 321, 0, 0, 0, 0, 0, 0, 0, 0, 0, 0, 0, 0, 0, 0, 0, 0, 0, 0, 0, 0, 0, 0, 0, 0, 0, 0, 0, 0, 0, 0, 0, 0, 0, 321, 321, 321, 0, 0, 0, 0, 0, 0, 0, 0, 0, 0, 0, 0, 0, 0, 0, 0, 0, 0, 0, 0, 0, 0, 0, 0, 0, 0, 0, 0, 0, 0, 0, 0, 0, 0, 0, 0, 0, 0, 0, 0, 0, 321, 321, 321, 0, 0, 0, 0, 0, 0, 0, 0, 0, 0, 0, 0, 0, 0, 321, 321, 0, 0, 0, 0, 0, 0, 0, 0, 0, 0, 0, 0, 0, 0, 0, 0, 0, 0, 0, 0, 0, 0, 0, 0, 0, 0, 0, 0, 0, 0, 0, 0, 0, 0, 0, 0, 321, 321, 0, 321, 321, 0, 0, 0, 0, 0, 0, 0, 0, 0, 0, 0, 0, 0, 0, 0, 0, 0, 0, 0, 0, 0, 0, 0, 0, 0, 0, 0, 0, 0, 0, 0, 0, 0, 0, 0, 0, 0, 0, 0, 0, 0, 0, 0, 0, 0, 0, 0, 0, 0, 0, 0, 0, 0, 0, 0, 0, 0, 0, 0, 0, 321, 321, 0, 321, 321, 321, 321, 0, 0, 0, 0, 0, 0, 0, 0, 0, 321, 321, 321, 0, 0, 0, 0, 0, 0, 0, 0, 0, 0, 0, 0, 0, 0, 0, 0, 0, 0, 0, 0, 0, 0, 321, 321, 0, 0, 0, 321, 321, 0, 0, 0, 0, 321, 321, 0, 0, 0, 0, 321, 321],
         "height":15,
         "name":"Back",
         "opacity":0.980000019073486,
         "type":"tilelayer",
         "visible":true,
         "width":20,
         "x":0,
         "y":0
        }, 
        {
         "data":[0, 0, 0, 0, 0, 0, 91, 0, 0, 74, 0, 0, 127, 0, 0, 74, 0, 0, 0, 0, 0, 0, 0, 0, 0, 0, 0, 0, 0, 0, 0, 0, 0, 0, 0, 0, 0, 0, 0, 0, 0, 0, 0, 0, 0, 0, 0, 74, 0, 0, 0, 0, 0, 0, 74, 0, 0, 0, 0, 0, 0, 0, 0, 0, 0, 0, 0, 0, 0, 0, 0, 0, 0, 0, 0, 0, 0, 0, 74, 104, 0, 0, 0, 0, 0, 0, 104, 0, 0, 74, 0, 127, 74, 0, 0, 0, 0, 0, 0, 0, 0, 0, 0, 0, 0, 0, 0, 0, 0, 0, 0, 0, 0, 0, 0, 0, 0, 0, 0, 0, 0, 0, 74, 104, 0, 0, 0, 74, 0, 0, 0, 0, 0, 0, 74, 0, 0, 0, 74, 0, 0, 0, 0, 0, 0, 0, 0, 0, 0, 0, 0, 0, 0, 0, 0, 0, 0, 0, 0, 0, 0, 0, 0, 74, 91, 0, 0, 0, 0, 74, 0, 0, 0, 104, 0, 0, 0, 0, 0, 74, 0, 0, 0, 0, 0, 0, 0, 0, 0, 0, 0, 0, 0, 0, 0, 0, 0, 0, 0, 0, 0, 0, 0, 0, 91, 0, 0, 74, 0, 0, 0, 0, 74, 0, 74, 91, 0, 0, 91, 0, 0, 0, 0, 0, 0, 0, 0, 0, 0, 0, 0, 0, 0, 0, 0, 0, 0, 0, 0, 0, 0, 74, 0, 0, 104, 74, 0, 0, 0, 0, 74, 0, 0, 104, 74, 0, 0, 0, 74, 0, 0, 0, 0, 0, 0, 0, 0, 0, 0, 0, 0, 0, 0, 0, 0, 0, 0, 0, 0, 0, 0, 0, 1, 0, 0, 0, 0, 0, 0, 0, 0, 0, 0, 0, 0, 0, 0, 0, 0, 19],
         "height":15,
         "name":"Cast",
         "opacity":1,
         "type":"tilelayer",
         "visible":true,
         "width":20,
         "x":0,
         "y":0
        }, 
        {
         "data":[89, 89, 0, 0, 89, 0, 67, 67, 67, 67, 67, 67, 67, 67, 67, 67, 67, 0, 0, 89, 0, 0, 0, 0, 0, 0, 0, 0, 67, 0, 0, 0, 0, 0, 0, 67, 0, 0, 0, 0, 67, 67, 67, 0, 0, 67, 67, 67, 67, 0, 0, 0, 0, 67, 67, 67, 0, 0, 0, 0, 0, 0, 0, 0, 0, 0, 0, 0, 67, 0, 0, 0, 0, 67, 0, 0, 67, 67, 67, 67, 0, 0, 0, 0, 0, 67, 67, 67, 67, 67, 67, 67, 67, 67, 67, 0, 0, 0, 0, 67, 0, 0, 0, 0, 0, 0, 67, 0, 0, 0, 0, 0, 0, 0, 0, 0, 0, 0, 0, 67, 67, 67, 67, 67, 0, 67, 67, 67, 0, 0, 0, 0, 67, 67, 67, 67, 0, 67, 67, 67, 0, 0, 67, 0, 0, 0, 67, 0, 0, 0, 0, 0, 0, 0, 0, 0, 0, 67, 0, 0, 67, 67, 67, 67, 67, 0, 67, 67, 67, 67, 67, 0, 67, 67, 0, 67, 67, 67, 67, 67, 67, 0, 0, 0, 0, 0, 0, 0, 67, 0, 0, 0, 0, 0, 0, 0, 0, 67, 0, 0, 67, 67, 67, 0, 67, 67, 67, 67, 67, 0, 67, 67, 67, 67, 67, 67, 0, 67, 67, 67, 0, 0, 0, 0, 0, 0, 0, 0, 67, 0, 0, 67, 0, 0, 0, 0, 0, 0, 0, 67, 67, 67, 67, 67, 67, 67, 67, 0, 67, 67, 67, 67, 0, 67, 67, 67, 67, 67, 67, 67, 67, 0, 0, 0, 0, 0, 0, 0, 0, 67, 0, 0, 0, 0, 0, 0, 0, 67, 0, 0, 67, 67, 0, 0, 0, 0, 67, 67, 67, 67, 67, 67, 67, 67, 0, 0, 0, 67, 67, 0],
         "height":15,
         "name":"Coins",
         "opacity":1,
         "type":"tilelayer",
         "visible":true,
         "width":20,
         "x":0,
         "y":0
        }, 
        {
         "data":[0, 0, 0, 0, 0, 0, 0, 344, 0, 0, 0, 0, 277, 276, 276, 276, 326, 0, 0, 0, 0, 0, 0, 0, 0, 0, 0, 0, 0, 0, 0, 0, 0, 0, 0, 0, 0, 0, 0, 0, 390, 0, 0, 0, 0, 276, 276, 276, 0, 0, 0, 0, 0, 0, 0, 0, 0, 0, 0, 0, 0, 0, 0, 0, 0, 0, 0, 0, 0, 0, 0, 0, 0, 0, 0, 0, 0, 0, 0, 0, 0, 0, 0, 0, 0, 0, 0, 0, 0, 0, 0, 277, 276, 276, 276, 0, 0, 0, 0, 0, 0, 0, 0, 0, 0, 0, 0, 0, 0, 0, 0, 0, 0, 0, 0, 0, 0, 0, 0, 0, 276, 276, 276, 276, 0, 0, 0, 0, 0, 0, 0, 0, 0, 0, 0, 0, 0, 0, 0, 406, 0, 0, 0, 0, 0, 0, 0, 0, 0, 0, 0, 0, 0, 0, 0, 0, 0, 0, 0, 0, 276, 276, 276, 326, 0, 0, 276, 276, 276, 326, 0, 0, 0, 0, 0, 0, 277, 276, 276, 276, 0, 0, 0, 0, 0, 0, 0, 0, 0, 0, 0, 0, 0, 0, 0, 0, 0, 0, 0, 0, 0, 408, 0, 0, 0, 0, 0, 0, 0, 0, 0, 0, 277, 276, 276, 276, 0, 0, 0, 0, 0, 0, 0, 0, 0, 0, 0, 0, 0, 0, 0, 0, 0, 0, 0, 0, 0, 0, 0, 0, 0, 0, 0, 0, 0, 0, 0, 0, 276, 276, 276, 276, 0, 0, 0, 390, 0, 0, 0, 0, 0, 0, 0, 0, 0, 0, 0, 0, 0, 0, 0, 0, 0, 0, 0, 0, 0, 0, 0, 0, 0, 86, 0, 0, 0, 0, 78, 78, 78, 0, 405, 77, 77, 77, 0, 0, 0, 0, 87, 0],
         "height":15,
         "name":"Front",
         "opacity":1,
         "type":"tilelayer",
         "visible":true,
         "width":20,
         "x":0,
         "y":0
        }, 
        {
         "data":[0, 0, 69, 69, 0, 69, 0, 0, 0, 0, 0, 0, 0, 0, 0, 0, 0, 69, 69, 0, 0, 0, 0, 0, 0, 0, 0, 0, 0, 0, 0, 0, 0, 0, 0, 0, 0, 0, 0, 0, 0, 0, 0, 69, 69, 0, 0, 0, 0, 0, 0, 58, 0, 0, 0, 0, 0, 0, 0, 0, 0, 0, 0, 0, 0, 0, 0, 0, 0, 0, 0, 0, 0, 0, 0, 0, 0, 0, 0, 0, 0, 0, 0, 58, 0, 0, 0, 0, 0, 0, 0, 0, 0, 0, 0, 0, 0, 0, 0, 0, 0, 0, 0, 0, 0, 0, 0, 0, 0, 0, 0, 0, 0, 0, 0, 0, 0, 0, 0, 0, 0, 0, 0, 0, 0, 0, 0, 0, 0, 0, 58, 0, 0, 0, 0, 0, 0, 0, 0, 0, 0, 0, 0, 0, 0, 0, 0, 0, 0, 0, 0, 0, 0, 0, 0, 0, 0, 0, 0, 0, 0, 0, 0, 0, 0, 58, 0, 0, 0, 0, 0, 0, 0, 0, 0, 0, 0, 0, 0, 0, 0, 0, 0, 0, 0, 0, 0, 0, 0, 0, 0, 0, 0, 0, 0, 0, 0, 0, 0, 0, 0, 0, 0, 0, 0, 0, 0, 0, 0, 0, 0, 0, 0, 0, 0, 0, 0, 0, 0, 0, 0, 0, 0, 0, 0, 0, 0, 0, 0, 0, 0, 0, 0, 0, 0, 0, 0, 0, 0, 0, 0, 0, 0, 0, 0, 0, 0, 0, 0, 0, 0, 0, 0, 0, 0, 0, 0, 0, 0, 0, 0, 0, 0, 0, 0, 0, 0, 0, 0, 0, 0, 0, 0, 0, 0, 0, 0, 0, 0, 0, 0, 0, 0, 0, 0, 58, 0, 0, 0, 0, 0, 0, 0, 0, 58, 0, 0, 0, 0, 0],
         "height":15,
         "name":"bomb",
         "opacity":1,
         "type":"tilelayer",
         "visible":true,
         "width":20,
         "x":0,
         "y":0
        }],
 "orientation":"orthogonal",
 "properties":
    {

    },
 "tileheight":50,
 "tilesets":[
        {
         "firstgid":1,
         "image":"bandit_spritesheet.png",
         "imageheight":1250,
         "imagewidth":900,
         "margin":0,
         "name":"bandit_spritesheet",
         "properties":
            {

            },
         "spacing":0,
         "tileheight":50,
         "tilewidth":50
        }],
 "tilewidth":50,
 "version":1,
 "width":20
}