{ "height":15,
 "layers":[
        {
         "data":[0, 0, 0, 0, 0, 37, 0, 37, 0, 37, 0, 37, 0, 0, 0, 0, 0, 37, 0, 0, 37, 37, 37, 37, 37, 37, 37, 37, 242, 37, 37, 37, 37, 37, 37, 37, 0, 0, 37, 37, 37, 0, 37, 0, 0, 37, 37, 37, 0, 0, 0, 0, 37, 37, 37, 37, 37, 37, 37, 37, 37, 0, 0, 0, 0, 0, 37, 37, 37, 0, 37, 37, 0, 0, 0, 0, 37, 0, 0, 0, 37, 242, 37, 242, 37, 242, 37, 37, 37, 0, 37, 37, 255, 242, 37, 256, 37, 37, 37, 37, 37, 0, 37, 0, 37, 0, 37, 37, 0, 0, 0, 37, 0, 0, 0, 0, 0, 37, 0, 0, 37, 37, 37, 37, 37, 37, 37, 37, 37, 37, 37, 37, 37, 37, 255, 242, 256, 37, 37, 37, 0, 0, 0, 0, 0, 0, 37, 0, 0, 37, 0, 0, 0, 37, 0, 0, 0, 0, 0, 0, 37, 255, 242, 256, 37, 37, 37, 244, 256, 37, 37, 37, 37, 37, 37, 37, 241, 37, 243, 37, 37, 0, 0, 0, 37, 0, 0, 0, 0, 0, 0, 37, 0, 0, 0, 37, 0, 37, 0, 37, 37, 255, 242, 256, 37, 37, 37, 243, 256, 37, 37, 0, 37, 37, 37, 0, 0, 0, 0, 0, 0, 0, 0, 0, 0, 0, 37, 0, 0, 37, 0, 0, 0, 0, 0, 37, 37, 37, 37, 37, 37, 37, 37, 37, 37, 0, 0, 37, 37, 37, 255, 244, 242, 256, 37, 37, 37, 37, 0, 37, 37, 0, 37, 37, 37, 37, 37, 0, 0, 0, 0, 0, 0, 0, 37, 37, 37, 37, 37, 37, 37, 37, 37, 0, 0, 0, 37, 37, 37, 37, 37, 37, 37, 37, 37, 0, 0, 0, 0, 0],
         "height":15,
         "name":"Blocks",
         "opacity":1,
         "type":"tilelayer",
         "visible":true,
         "width":20,
         "x":0,
         "y":0
        }, 
        {
         "data":[0, 0, 0, 0, 0, 0, 0, 0, 0, 0, 0, 0, 0, 0, 0, 0, 0, 0, 0, 0, 0, 79, 0, 0, 79, 0, 0, 0, 79, 0, 0, 0, 0, 79, 0, 0, 0, 0, 0, 79, 0, 79, 0, 0, 79, 0, 0, 0, 79, 0, 0, 0, 0, 79, 0, 0, 0, 0, 0, 79, 0, 79, 0, 0, 79, 0, 0, 0, 0, 0, 79, 0, 0, 79, 0, 0, 0, 0, 0, 79, 0, 79, 0, 0, 0, 0, 0, 0, 0, 0, 79, 0, 0, 0, 0, 79, 0, 0, 0, 79, 0, 79, 0, 0, 0, 0, 0, 0, 0, 0, 79, 0, 0, 0, 0, 79, 0, 0, 0, 79, 0, 0, 0, 0, 0, 0, 0, 0, 0, 0, 79, 0, 0, 0, 0, 0, 0, 0, 0, 79, 0, 0, 0, 0, 0, 0, 0, 0, 0, 0, 79, 0, 0, 0, 0, 0, 0, 0, 0, 79, 79, 0, 0, 0, 0, 0, 0, 0, 0, 0, 0, 0, 79, 0, 0, 0, 0, 0, 0, 0, 79, 0, 0, 0, 0, 0, 0, 0, 0, 0, 0, 0, 79, 0, 0, 0, 0, 0, 0, 0, 79, 0, 0, 0, 0, 0, 0, 0, 0, 0, 79, 0, 79, 0, 0, 0, 0, 0, 0, 0, 79, 0, 0, 0, 0, 0, 0, 0, 0, 0, 79, 0, 79, 0, 0, 79, 0, 0, 0, 0, 0, 79, 0, 0, 79, 0, 0, 0, 0, 0, 0, 79, 0, 0, 0, 79, 0, 0, 0, 0, 0, 79, 0, 0, 79, 0, 0, 0, 0, 0, 0, 79, 0, 0, 0, 79, 0, 0, 79, 0, 0, 0, 0, 0, 79, 0, 0, 0, 0, 0, 0, 0, 0, 0, 0, 79, 0, 0, 0, 0],
         "height":15,
         "name":"Ladders",
         "opacity":1,
         "type":"tilelayer",
         "visible":true,
         "width":20,
         "x":0,
         "y":0
        }, 
        {
         "data":[0, 0, 0, 0, 0, 0, 0, 0, 66, 0, 0, 0, 0, 0, 0, 0, 0, 0, 0, 0, 0, 0, 0, 0, 0, 0, 0, 0, 0, 0, 0, 0, 0, 0, 0, 0, 0, 0, 0, 0, 0, 0, 0, 0, 0, 0, 0, 0, 0, 0, 0, 0, 0, 0, 0, 0, 0, 0, 0, 0, 0, 0, 0, 0, 0, 0, 0, 0, 0, 0, 0, 0, 0, 0, 0, 0, 0, 0, 0, 0, 0, 0, 0, 0, 0, 0, 0, 0, 0, 0, 0, 0, 0, 0, 0, 0, 0, 0, 0, 0, 0, 0, 0, 0, 0, 0, 0, 0, 0, 0, 0, 0, 0, 0, 0, 0, 0, 0, 0, 0, 0, 0, 0, 0, 0, 0, 0, 0, 0, 0, 0, 0, 0, 0, 0, 0, 0, 0, 0, 0, 0, 0, 0, 0, 0, 0, 0, 0, 0, 0, 0, 0, 0, 0, 0, 0, 0, 0, 0, 0, 0, 0, 0, 0, 0, 0, 0, 0, 0, 0, 0, 0, 0, 0, 0, 0, 0, 0, 0, 0, 0, 0, 0, 0, 0, 0, 0, 0, 0, 0, 0, 0, 0, 0, 0, 0, 0, 0, 0, 0, 0, 0, 0, 0, 0, 0, 0, 0, 0, 0, 0, 0, 0, 0, 0, 319, 0, 319, 0, 319, 0, 0, 0, 0, 319, 0, 0, 0, 0, 0, 0, 0, 0, 0, 0, 0, 0, 0, 0, 0, 0, 0, 0, 0, 0, 0, 319, 0, 0, 0, 0, 0, 0, 0, 0, 0, 0, 0, 0, 0, 0, 0, 0, 0, 0, 0, 0, 319, 319, 319, 0, 0, 0, 0, 0, 0, 0, 0, 0, 0, 0, 0, 0, 319, 0, 319, 0, 0, 0, 0, 0, 0, 0, 0, 0, 0, 319, 66, 319, 319],
         "height":15,
         "name":"Back",
         "opacity":1,
         "type":"tilelayer",
         "visible":true,
         "width":20,
         "x":0,
         "y":0
        }, 
        {
         "data":[0, 0, 74, 91, 0, 0, 0, 0, 0, 0, 0, 0, 0, 0, 74, 91, 0, 0, 0, 0, 0, 0, 0, 0, 0, 0, 0, 0, 0, 0, 0, 0, 0, 0, 0, 0, 0, 0, 0, 0, 0, 0, 0, 0, 0, 0, 0, 0, 0, 0, 0, 127, 0, 0, 0, 0, 0, 0, 0, 0, 0, 0, 0, 74, 0, 0, 0, 0, 0, 0, 0, 0, 0, 0, 74, 91, 0, 104, 0, 0, 0, 0, 0, 0, 0, 0, 0, 0, 0, 0, 0, 0, 0, 0, 0, 0, 0, 0, 0, 0, 0, 0, 0, 0, 0, 0, 0, 0, 74, 0, 91, 0, 0, 74, 0, 0, 0, 0, 104, 0, 0, 0, 0, 0, 0, 0, 0, 0, 0, 0, 0, 0, 0, 0, 0, 0, 0, 0, 0, 0, 0, 0, 74, 0, 74, 91, 0, 104, 0, 0, 0, 0, 74, 0, 91, 0, 74, 0, 74, 0, 0, 0, 0, 0, 0, 0, 0, 0, 0, 0, 0, 0, 0, 0, 0, 0, 0, 0, 0, 0, 0, 0, 74, 0, 0, 0, 74, 0, 0, 91, 0, 0, 0, 0, 74, 0, 0, 0, 0, 0, 0, 0, 0, 0, 0, 0, 0, 0, 0, 0, 0, 0, 0, 0, 0, 0, 74, 0, 74, 91, 0, 0, 0, 74, 0, 0, 0, 0, 104, 0, 0, 74, 0, 0, 0, 0, 0, 0, 0, 0, 0, 0, 0, 0, 0, 0, 0, 0, 0, 0, 0, 0, 0, 0, 0, 0, 0, 0, 0, 0, 0, 0, 0, 0, 0, 0, 0, 91, 74, 0, 0, 0, 74, 91, 0, 0, 0, 0, 0, 0, 0, 0, 0, 0, 0, 1, 0, 0, 0, 0, 0, 0, 0, 0, 0, 0, 0, 0, 0, 19],
         "height":15,
         "name":"Cast",
         "opacity":1,
         "type":"tilelayer",
         "visible":true,
         "width":20,
         "x":0,
         "y":0
        }, 
        {
         "data":[67, 67, 67, 67, 67, 0, 89, 0, 67, 0, 89, 0, 67, 67, 67, 67, 67, 0, 67, 67, 0, 67, 0, 0, 67, 0, 0, 0, 67, 0, 0, 0, 0, 67, 0, 67, 67, 67, 67, 67, 0, 67, 0, 67, 67, 0, 0, 0, 89, 67, 67, 67, 0, 67, 0, 0, 0, 0, 0, 67, 0, 67, 117, 67, 67, 67, 0, 0, 0, 67, 67, 0, 67, 67, 67, 67, 0, 67, 67, 67, 0, 67, 0, 0, 0, 0, 0, 0, 0, 67, 67, 0, 0, 0, 0, 67, 0, 0, 0, 67, 0, 67, 0, 89, 0, 89, 0, 0, 67, 67, 67, 0, 67, 67, 67, 67, 67, 0, 67, 67, 0, 0, 0, 0, 0, 0, 0, 0, 0, 0, 67, 0, 0, 0, 0, 0, 0, 0, 0, 67, 67, 67, 67, 67, 67, 67, 0, 67, 67, 0, 67, 67, 67, 0, 67, 67, 67, 67, 67, 67, 67, 0, 0, 0, 0, 0, 0, 0, 0, 0, 0, 0, 67, 0, 0, 0, 67, 0, 67, 0, 67, 0, 67, 0, 0, 67, 67, 67, 67, 67, 67, 0, 67, 67, 67, 0, 0, 0, 0, 0, 67, 0, 0, 0, 0, 0, 0, 0, 0, 0, 67, 67, 67, 0, 0, 67, 67, 67, 67, 67, 67, 67, 67, 67, 67, 67, 0, 67, 67, 0, 67, 67, 67, 67, 67, 67, 0, 0, 0, 0, 0, 0, 0, 0, 67, 67, 67, 0, 0, 0, 0, 67, 0, 0, 0, 67, 0, 0, 0, 0, 0, 0, 0, 0, 67, 0, 0, 67, 67, 67, 67, 67, 67, 67, 0, 67, 0, 0, 0, 0, 0, 0, 0, 67, 67, 0, 0, 0, 0, 0, 0, 0, 0, 0, 0, 67, 67, 67, 67, 0],
         "height":15,
         "name":"Coins",
         "opacity":1,
         "type":"tilelayer",
         "visible":true,
         "width":20,
         "x":0,
         "y":0
        }, 
        {
         "data":[364, 0, 348, 0, 0, 0, 0, 0, 0, 0, 0, 0, 367, 0, 0, 365, 0, 0, 0, 0, 0, 0, 0, 0, 0, 0, 0, 0, 0, 0, 0, 0, 0, 0, 0, 0, 366, 0, 0, 0, 0, 0, 0, 0, 0, 0, 0, 0, 87, 0, 0, 0, 0, 0, 0, 0, 0, 0, 0, 0, 0, 275, 275, 275, 275, 275, 0, 0, 0, 0, 0, 0, 275, 275, 275, 275, 0, 0, 0, 0, 0, 0, 0, 0, 0, 0, 0, 0, 0, 0, 0, 0, 0, 0, 0, 0, 0, 0, 0, 0, 0, 0, 0, 0, 0, 0, 0, 0, 422, 0, 0, 0, 0, 298, 275, 275, 275, 0, 0, 0, 0, 0, 0, 0, 0, 0, 0, 0, 0, 0, 0, 0, 0, 0, 0, 0, 0, 0, 0, 0, 298, 275, 275, 275, 275, 275, 0, 275, 275, 0, 0, 348, 0, 0, 0, 298, 275, 275, 275, 275, 0, 0, 0, 0, 0, 0, 0, 0, 0, 0, 0, 0, 0, 0, 0, 0, 0, 0, 0, 0, 0, 275, 275, 275, 0, 275, 275, 275, 275, 334, 0, 0, 0, 0, 0, 0, 0, 0, 0, 0, 0, 0, 0, 0, 0, 0, 0, 0, 0, 0, 0, 0, 0, 0, 0, 0, 183, 184, 183, 184, 183, 0, 184, 183, 0, 0, 0, 0, 0, 0, 275, 275, 275, 275, 334, 0, 0, 0, 0, 0, 0, 0, 0, 0, 0, 0, 0, 0, 0, 0, 0, 0, 0, 0, 0, 0, 0, 0, 0, 0, 0, 0, 0, 0, 0, 0, 0, 184, 183, 184, 183, 184, 183, 184, 0, 0, 0, 0, 0, 0, 0, 0, 0, 187, 0, 183, 0, 0, 0, 0, 0, 0, 0, 0, 0, 0, 86, 0, 183, 184],
         "height":15,
         "name":"Front",
         "opacity":1,
         "type":"tilelayer",
         "visible":true,
         "width":20,
         "x":0,
         "y":0
        }, 
        {
         "data":[0, 0, 0, 0, 0, 69, 0, 69, 0, 69, 0, 69, 0, 0, 0, 0, 0, 0, 0, 0, 0, 0, 0, 0, 0, 0, 0, 0, 0, 0, 0, 0, 0, 0, 0, 0, 0, 0, 0, 0, 0, 0, 0, 0, 0, 0, 0, 0, 0, 0, 0, 0, 0, 0, 0, 0, 0, 0, 0, 0, 0, 0, 0, 0, 0, 0, 0, 0, 0, 0, 0, 0, 0, 0, 0, 0, 0, 0, 0, 0, 0, 0, 0, 0, 0, 0, 0, 0, 0, 0, 0, 0, 0, 0, 0, 0, 0, 0, 0, 0, 0, 0, 69, 0, 69, 0, 69, 69, 0, 0, 0, 0, 0, 0, 0, 0, 0, 0, 0, 0, 0, 0, 0, 0, 0, 0, 0, 0, 0, 0, 0, 0, 0, 0, 0, 0, 0, 0, 0, 0, 0, 0, 0, 0, 0, 0, 0, 0, 0, 0, 0, 0, 0, 0, 0, 0, 0, 0, 0, 0, 0, 0, 0, 0, 0, 0, 0, 0, 0, 0, 0, 0, 0, 0, 0, 0, 0, 0, 0, 0, 0, 58, 0, 58, 0, 0, 0, 0, 0, 0, 0, 0, 0, 0, 0, 0, 58, 0, 58, 0, 0, 0, 0, 0, 0, 0, 0, 0, 0, 0, 0, 0, 0, 0, 0, 0, 0, 0, 0, 0, 0, 0, 0, 0, 0, 0, 0, 0, 0, 0, 0, 0, 0, 0, 0, 0, 0, 0, 0, 0, 0, 0, 0, 0, 0, 0, 0, 0, 0, 0, 0, 0, 0, 0, 0, 0, 0, 0, 58, 0, 0, 58, 0, 0, 0, 0, 0, 0, 0, 0, 0, 0, 0, 0, 0, 0, 0, 0, 0, 0, 0, 0, 0, 0, 0, 0, 0, 58, 0, 0, 0, 0, 0, 58, 0, 0, 0, 0, 0, 0],
         "height":15,
         "name":"bomb",
         "opacity":1,
         "type":"tilelayer",
         "visible":true,
         "width":20,
         "x":0,
         "y":0
        }],
 "orientation":"orthogonal",
 "properties":
    {

    },
 "tileheight":50,
 "tilesets":[
        {
         "firstgid":1,
         "image":"bandit_spritesheet.png",
         "imageheight":1250,
         "imagewidth":900,
         "margin":0,
         "name":"bandit_spritesheet",
         "properties":
            {

            },
         "spacing":0,
         "tileheight":50,
         "tilewidth":50
        }],
 "tilewidth":50,
 "version":1,
 "width":20
}