{ "height":15,
 "layers":[
        {
         "data":[0, 0, 47, 0, 0, 0, 0, 0, 0, 0, 0, 47, 0, 0, 0, 0, 0, 47, 47, 0, 47, 0, 0, 47, 251, 47, 252, 47, 251, 47, 252, 47, 47, 251, 47, 47, 252, 47, 47, 47, 47, 47, 47, 0, 0, 0, 0, 47, 0, 47, 0, 0, 0, 0, 0, 47, 0, 0, 0, 0, 0, 0, 0, 0, 47, 0, 0, 47, 0, 47, 251, 47, 47, 252, 47, 47, 251, 47, 47, 252, 47, 47, 47, 47, 47, 47, 47, 47, 0, 47, 0, 0, 0, 0, 47, 0, 0, 0, 0, 0, 0, 47, 47, 47, 47, 0, 0, 0, 0, 0, 0, 47, 47, 47, 47, 47, 47, 47, 47, 47, 0, 0, 0, 47, 47, 47, 47, 47, 47, 47, 47, 0, 0, 0, 0, 47, 0, 47, 47, 47, 47, 47, 0, 0, 0, 0, 47, 47, 47, 47, 47, 47, 0, 47, 0, 0, 0, 47, 0, 0, 0, 47, 47, 251, 237, 47, 0, 0, 0, 0, 0, 0, 0, 0, 0, 47, 47, 47, 47, 47, 0, 0, 0, 0, 47, 47, 251, 47, 47, 252, 47, 47, 47, 47, 0, 47, 47, 0, 0, 0, 0, 47, 0, 47, 0, 0, 0, 0, 47, 0, 47, 47, 0, 0, 0, 0, 0, 47, 47, 47, 0, 0, 0, 0, 47, 47, 47, 47, 47, 47, 47, 47, 0, 47, 0, 47, 47, 47, 0, 0, 47, 47, 47, 47, 47, 0, 0, 0, 0, 0, 0, 0, 0, 0, 0, 0, 0, 0, 47, 47, 47, 47, 47, 47, 47, 47, 251, 252, 47, 251, 47, 47, 47, 47, 47, 47, 47, 47, 47, 47, 0, 0, 0, 47, 47, 0, 0, 0, 47, 0, 0, 0, 0, 0, 47, 47, 47, 0, 0, 0],
         "height":15,
         "name":"Blocks",
         "opacity":1,
         "type":"tilelayer",
         "visible":true,
         "width":20,
         "x":0,
         "y":0
        }, 
        {
         "data":[0, 0, 0, 0, 0, 0, 0, 0, 0, 0, 0, 0, 0, 0, 0, 0, 0, 0, 0, 0, 79, 0, 0, 79, 0, 0, 79, 0, 0, 79, 0, 0, 0, 0, 79, 0, 0, 0, 0, 0, 79, 0, 0, 79, 0, 0, 79, 0, 0, 79, 0, 0, 0, 0, 79, 0, 0, 0, 0, 0, 79, 0, 0, 0, 79, 0, 79, 0, 0, 79, 0, 0, 0, 0, 0, 0, 0, 0, 0, 0, 0, 0, 0, 0, 79, 0, 0, 0, 0, 79, 0, 0, 0, 0, 0, 0, 0, 0, 0, 0, 0, 0, 0, 0, 79, 0, 0, 0, 0, 79, 0, 79, 0, 0, 0, 0, 0, 0, 0, 0, 0, 0, 0, 0, 79, 0, 0, 0, 0, 0, 0, 79, 0, 0, 0, 0, 0, 0, 0, 0, 79, 0, 0, 0, 79, 0, 0, 0, 0, 0, 0, 79, 0, 0, 0, 0, 0, 0, 0, 0, 79, 0, 0, 0, 0, 79, 0, 0, 0, 0, 0, 79, 0, 0, 0, 0, 0, 0, 0, 0, 79, 0, 0, 0, 0, 79, 0, 0, 0, 0, 0, 0, 0, 79, 0, 0, 0, 0, 0, 0, 79, 0, 0, 0, 0, 79, 0, 0, 0, 0, 0, 0, 0, 79, 0, 0, 0, 0, 0, 0, 79, 0, 0, 0, 0, 79, 0, 0, 0, 79, 0, 0, 0, 79, 0, 0, 0, 0, 0, 0, 79, 0, 0, 0, 0, 79, 0, 0, 0, 0, 0, 0, 0, 79, 0, 0, 0, 0, 0, 79, 79, 0, 0, 0, 0, 79, 0, 0, 0, 0, 79, 0, 0, 0, 0, 0, 0, 0, 0, 79, 79, 0, 0, 0, 0, 79, 0, 0, 0, 0, 79, 0, 0, 0, 0, 0, 0, 0, 0, 79],
         "height":15,
         "name":"Ladders",
         "opacity":1,
         "type":"tilelayer",
         "visible":true,
         "width":20,
         "x":0,
         "y":0
        }, 
        {
         "data":[125, 0, 0, 0, 0, 0, 0, 125, 0, 0, 0, 0, 0, 0, 0, 125, 0, 0, 0, 0, 0, 0, 0, 0, 0, 0, 0, 0, 0, 0, 0, 0, 0, 0, 0, 0, 0, 0, 0, 0, 0, 0, 0, 0, 88, 0, 0, 0, 0, 0, 0, 319, 319, 0, 0, 0, 0, 319, 319, 0, 0, 319, 319, 0, 0, 0, 0, 0, 0, 0, 0, 0, 0, 0, 0, 0, 0, 0, 0, 0, 0, 0, 0, 0, 0, 0, 0, 0, 0, 0, 0, 319, 319, 125, 0, 319, 0, 319, 319, 0, 0, 0, 0, 0, 0, 319, 319, 319, 0, 0, 0, 0, 0, 0, 0, 0, 0, 0, 0, 0, 0, 125, 0, 0, 0, 0, 0, 0, 0, 0, 0, 0, 0, 88, 0, 0, 0, 0, 0, 0, 0, 0, 0, 319, 0, 319, 0, 0, 0, 0, 0, 0, 0, 0, 0, 0, 0, 0, 395, 319, 0, 0, 0, 0, 0, 0, 319, 319, 319, 319, 319, 0, 0, 0, 0, 0, 0, 0, 0, 0, 0, 0, 0, 88, 0, 0, 0, 0, 0, 0, 0, 0, 0, 0, 0, 0, 0, 319, 319, 319, 0, 0, 0, 0, 0, 0, 0, 0, 0, 396, 0, 0, 0, 0, 0, 0, 125, 0, 0, 0, 0, 150, 0, 150, 0, 0, 0, 0, 0, 0, 0, 0, 0, 0, 0, 0, 0, 0, 150, 379, 0, 0, 0, 0, 0, 0, 319, 319, 319, 319, 0, 150, 0, 0, 0, 150, 0, 150, 0, 0, 0, 0, 0, 0, 0, 0, 0, 0, 0, 0, 0, 0, 0, 0, 0, 0, 0, 0, 0, 0, 0, 125, 150, 0, 0, 0, 125, 150, 0, 150, 0, 150, 88, 125, 0, 0, 0, 125, 150, 0],
         "height":15,
         "name":"Back",
         "opacity":1,
         "type":"tilelayer",
         "visible":true,
         "width":20,
         "x":0,
         "y":0
        }, 
        {
         "data":[0, 0, 0, 74, 0, 91, 74, 0, 0, 104, 0, 0, 74, 0, 0, 91, 74, 0, 0, 0, 0, 0, 0, 0, 0, 0, 0, 0, 0, 0, 0, 0, 0, 0, 0, 0, 0, 0, 0, 0, 0, 0, 0, 0, 0, 0, 0, 0, 0, 0, 0, 0, 0, 74, 0, 0, 0, 0, 0, 74, 0, 0, 74, 0, 0, 0, 0, 0, 0, 0, 0, 0, 0, 0, 0, 0, 0, 0, 0, 0, 0, 0, 0, 0, 0, 0, 0, 0, 0, 0, 0, 0, 0, 0, 0, 74, 0, 0, 0, 104, 0, 0, 0, 0, 0, 91, 0, 74, 0, 0, 0, 0, 0, 0, 0, 0, 0, 0, 0, 0, 0, 91, 0, 0, 0, 0, 0, 0, 0, 0, 0, 0, 0, 0, 0, 0, 0, 0, 0, 0, 0, 0, 0, 74, 0, 91, 0, 0, 0, 0, 0, 0, 0, 0, 0, 0, 0, 0, 0, 0, 0, 0, 0, 0, 0, 0, 74, 0, 0, 91, 0, 0, 0, 74, 0, 0, 0, 0, 0, 0, 0, 0, 0, 0, 0, 0, 0, 0, 0, 0, 0, 0, 0, 0, 0, 0, 0, 74, 0, 0, 0, 0, 0, 0, 0, 0, 0, 74, 0, 0, 0, 0, 0, 0, 0, 0, 0, 0, 0, 0, 0, 0, 91, 104, 0, 0, 0, 0, 0, 0, 0, 0, 0, 0, 0, 0, 0, 0, 0, 0, 0, 0, 0, 0, 0, 74, 0, 0, 74, 0, 0, 91, 0, 0, 0, 74, 0, 104, 0, 0, 0, 0, 0, 0, 0, 0, 0, 0, 0, 0, 0, 0, 0, 0, 0, 0, 0, 0, 0, 0, 0, 0, 1, 0, 0, 0, 0, 19, 0, 0, 0, 0, 0, 0, 0, 0, 0, 0, 0, 0],
         "height":15,
         "name":"Cast",
         "opacity":1,
         "type":"tilelayer",
         "visible":true,
         "width":20,
         "x":0,
         "y":0
        }, 
        {
         "data":[67, 67, 0, 67, 67, 67, 67, 67, 67, 67, 67, 0, 67, 67, 67, 67, 67, 0, 0, 89, 67, 67, 67, 67, 0, 0, 67, 0, 67, 67, 0, 0, 0, 0, 67, 0, 0, 0, 0, 0, 67, 0, 0, 67, 117, 67, 67, 0, 67, 67, 67, 67, 67, 67, 67, 0, 67, 67, 67, 67, 67, 67, 67, 67, 67, 67, 67, 0, 67, 67, 67, 0, 0, 0, 0, 0, 0, 0, 0, 0, 0, 0, 0, 0, 67, 0, 0, 0, 67, 67, 67, 67, 67, 67, 0, 67, 67, 67, 67, 67, 89, 0, 0, 0, 67, 67, 67, 67, 67, 67, 67, 67, 0, 0, 0, 0, 0, 0, 0, 0, 67, 67, 67, 0, 67, 0, 0, 0, 0, 0, 0, 67, 67, 117, 67, 0, 89, 0, 0, 0, 67, 0, 67, 67, 67, 67, 0, 0, 0, 0, 0, 67, 67, 0, 67, 67, 67, 0, 67, 67, 67, 0, 0, 0, 0, 67, 67, 67, 67, 67, 67, 67, 67, 67, 67, 0, 0, 0, 0, 67, 67, 67, 67, 117, 0, 67, 0, 0, 0, 0, 0, 0, 0, 67, 67, 0, 0, 67, 67, 67, 67, 0, 67, 0, 67, 67, 67, 67, 0, 0, 0, 0, 67, 67, 67, 67, 67, 67, 0, 0, 67, 67, 67, 67, 0, 67, 0, 0, 0, 0, 0, 0, 67, 67, 67, 0, 0, 0, 67, 67, 67, 0, 67, 67, 0, 67, 67, 67, 67, 67, 67, 67, 67, 67, 67, 67, 67, 67, 0, 67, 67, 0, 67, 0, 0, 67, 0, 0, 0, 0, 67, 0, 0, 0, 0, 0, 0, 0, 0, 67, 67, 67, 0, 0, 0, 67, 67, 0, 0, 67, 67, 67, 67, 67, 0, 0, 0, 67, 67, 67],
         "height":15,
         "name":"Coins",
         "opacity":1,
         "type":"tilelayer",
         "visible":true,
         "width":20,
         "x":0,
         "y":0
        }, 
        {
         "data":[0, 0, 0, 293, 297, 297, 297, 297, 297, 297, 297, 0, 293, 297, 297, 297, 297, 0, 0, 417, 0, 0, 0, 0, 0, 0, 0, 0, 0, 0, 0, 0, 0, 0, 0, 0, 0, 0, 0, 0, 0, 0, 0, 0, 0, 0, 0, 0, 0, 0, 297, 297, 297, 297, 332, 0, 297, 297, 297, 297, 0, 0, 0, 0, 0, 0, 0, 0, 0, 0, 0, 0, 0, 0, 0, 0, 0, 0, 0, 0, 0, 0, 0, 0, 0, 0, 0, 0, 0, 0, 0, 319, 319, 0, 0, 0, 88, 0, 88, 0, 0, 0, 0, 0, 0, 183, 184, 185, 184, 182, 183, 0, 0, 0, 0, 0, 0, 0, 0, 0, 0, 0, 0, 0, 0, 0, 0, 0, 0, 0, 0, 0, 0, 0, 0, 0, 0, 0, 0, 0, 0, 0, 293, 297, 297, 297, 0, 0, 0, 0, 0, 0, 0, 0, 0, 0, 0, 0, 319, 0, 0, 0, 0, 0, 0, 0, 297, 297, 297, 297, 297, 297, 332, 0, 0, 0, 0, 0, 0, 0, 0, 397, 0, 0, 0, 0, 0, 0, 0, 0, 0, 0, 0, 0, 0, 0, 0, 319, 319, 319, 0, 0, 0, 0, 0, 0, 0, 0, 0, 0, 0, 0, 0, 0, 0, 0, 0, 0, 0, 0, 0, 0, 88, 0, 0, 0, 0, 0, 0, 0, 0, 0, 0, 0, 0, 0, 0, 0, 0, 0, 0, 0, 0, 0, 0, 293, 297, 297, 297, 297, 332, 0, 88, 0, 88, 0, 88, 0, 0, 0, 0, 0, 0, 0, 0, 0, 0, 0, 0, 0, 0, 0, 0, 0, 0, 0, 0, 0, 0, 0, 86, 125, 0, 0, 0, 389, 0, 0, 0, 0, 396, 0, 88, 87, 0, 88, 0, 0, 0, 414],
         "height":15,
         "name":"Front",
         "opacity":1,
         "type":"tilelayer",
         "visible":true,
         "width":20,
         "x":0,
         "y":0
        }, 
        {
         "data":[0, 0, 0, 0, 0, 0, 0, 0, 0, 0, 0, 0, 0, 0, 0, 0, 0, 69, 69, 0, 0, 0, 58, 0, 0, 58, 0, 0, 0, 0, 0, 0, 0, 0, 0, 0, 0, 0, 0, 0, 0, 0, 0, 0, 0, 0, 0, 0, 0, 0, 0, 0, 0, 0, 0, 0, 0, 0, 0, 0, 0, 0, 0, 0, 0, 0, 0, 0, 0, 0, 0, 0, 0, 0, 0, 0, 0, 0, 0, 0, 0, 0, 0, 0, 0, 0, 0, 0, 0, 0, 0, 0, 0, 0, 0, 0, 0, 0, 0, 0, 0, 0, 0, 0, 0, 0, 0, 0, 0, 0, 0, 0, 0, 0, 0, 0, 0, 0, 0, 0, 0, 0, 0, 0, 0, 0, 0, 0, 0, 0, 0, 0, 0, 0, 0, 0, 0, 0, 0, 0, 0, 0, 0, 0, 0, 0, 0, 0, 0, 0, 0, 0, 0, 0, 0, 0, 0, 0, 0, 0, 0, 0, 0, 0, 0, 0, 0, 0, 0, 0, 0, 0, 0, 0, 0, 0, 58, 0, 0, 0, 0, 0, 0, 0, 0, 0, 0, 0, 0, 0, 0, 0, 0, 0, 0, 0, 0, 0, 0, 0, 0, 0, 0, 0, 0, 0, 0, 0, 0, 58, 0, 0, 0, 0, 0, 0, 0, 0, 0, 0, 0, 0, 0, 0, 0, 0, 0, 0, 0, 0, 0, 0, 0, 0, 0, 0, 0, 0, 0, 0, 0, 0, 0, 0, 0, 0, 0, 0, 0, 0, 0, 0, 0, 0, 0, 0, 0, 0, 0, 0, 0, 0, 0, 0, 0, 0, 0, 0, 0, 0, 0, 0, 0, 0, 0, 0, 0, 0, 0, 0, 0, 0, 0, 0, 0, 0, 0, 0, 0, 0, 0, 0, 0, 0, 0, 0, 0, 0, 0, 0],
         "height":15,
         "name":"bomb",
         "opacity":1,
         "type":"tilelayer",
         "visible":true,
         "width":20,
         "x":0,
         "y":0
        }],
 "orientation":"orthogonal",
 "properties":
    {

    },
 "tileheight":50,
 "tilesets":[
        {
         "firstgid":1,
         "image":"bandit_spritesheet.png",
         "imageheight":1250,
         "imagewidth":900,
         "margin":0,
         "name":"bandit_spritesheet",
         "properties":
            {

            },
         "spacing":0,
         "tileheight":50,
         "tilewidth":50
        }],
 "tilewidth":50,
 "version":1,
 "width":20
}