{ "height":15,
 "layers":[
        {
         "data":[48, 48, 0, 0, 0, 48, 48, 0, 0, 0, 0, 0, 0, 0, 0, 0, 0, 48, 48, 48, 0, 0, 0, 48, 0, 0, 0, 0, 48, 48, 48, 48, 48, 0, 0, 48, 0, 0, 0, 0, 48, 48, 48, 48, 0, 48, 48, 48, 48, 48, 48, 48, 48, 0, 48, 48, 48, 48, 48, 48, 48, 48, 48, 0, 0, 0, 0, 0, 0, 0, 0, 0, 0, 0, 0, 48, 48, 48, 0, 0, 0, 0, 0, 0, 0, 0, 48, 210, 200, 200, 200, 228, 48, 0, 0, 0, 0, 0, 48, 48, 0, 48, 48, 48, 48, 0, 0, 0, 0, 0, 0, 0, 0, 48, 48, 0, 48, 48, 0, 0, 0, 0, 0, 0, 0, 0, 0, 48, 48, 0, 48, 48, 48, 48, 0, 0, 0, 0, 48, 48, 0, 48, 0, 48, 48, 48, 48, 0, 0, 0, 0, 0, 0, 48, 48, 48, 48, 48, 0, 0, 0, 0, 0, 0, 48, 48, 0, 0, 48, 48, 0, 0, 0, 0, 0, 0, 0, 0, 48, 48, 48, 48, 48, 48, 48, 48, 48, 48, 48, 48, 48, 48, 48, 210, 200, 200, 200, 228, 48, 48, 0, 48, 0, 0, 0, 0, 48, 0, 48, 48, 0, 0, 48, 0, 0, 0, 0, 0, 0, 48, 0, 0, 0, 0, 48, 48, 48, 0, 0, 0, 0, 0, 48, 210, 200, 200, 200, 228, 48, 48, 48, 48, 48, 48, 48, 0, 48, 48, 48, 48, 0, 0, 48, 0, 0, 0, 0, 0, 48, 48, 48, 48, 0, 0, 0, 0, 48, 0, 0, 0, 0, 0, 48, 210, 200, 228, 48, 48, 48, 48, 0, 0, 0, 48, 48, 48, 48, 48, 48, 48, 48, 48, 48, 0, 0, 0, 48, 0, 0, 0],
         "height":15,
         "name":"Blocks",
         "opacity":1,
         "type":"tilelayer",
         "visible":true,
         "width":20,
         "x":0,
         "y":0
        }, 
        {
         "data":[0, 0, 0, 0, 0, 0, 0, 0, 0, 0, 0, 0, 0, 0, 0, 0, 0, 0, 0, 0, 0, 0, 0, 79, 0, 0, 0, 0, 0, 79, 0, 0, 0, 0, 0, 79, 0, 0, 0, 0, 0, 0, 0, 79, 0, 0, 0, 0, 0, 79, 0, 0, 0, 0, 0, 79, 0, 0, 0, 0, 0, 0, 0, 79, 0, 0, 0, 0, 0, 79, 0, 0, 0, 0, 0, 79, 0, 0, 0, 0, 0, 0, 0, 79, 0, 0, 0, 0, 0, 79, 0, 0, 0, 0, 0, 79, 0, 0, 0, 0, 0, 0, 0, 0, 0, 0, 0, 0, 0, 79, 0, 0, 0, 0, 0, 79, 0, 0, 0, 0, 0, 0, 0, 0, 0, 0, 0, 0, 0, 79, 0, 0, 0, 0, 0, 79, 0, 0, 0, 0, 0, 0, 0, 79, 0, 0, 0, 0, 0, 79, 0, 0, 0, 0, 0, 0, 79, 0, 0, 0, 0, 0, 0, 79, 0, 0, 0, 0, 0, 79, 0, 0, 0, 0, 0, 0, 79, 0, 0, 79, 79, 0, 0, 0, 0, 0, 0, 0, 0, 79, 0, 0, 0, 0, 0, 79, 0, 0, 0, 79, 79, 0, 0, 0, 0, 0, 0, 0, 0, 79, 0, 0, 0, 0, 0, 79, 0, 0, 0, 79, 79, 0, 0, 0, 0, 79, 0, 0, 0, 79, 0, 0, 0, 0, 0, 79, 0, 0, 0, 79, 0, 0, 79, 0, 0, 79, 0, 0, 0, 79, 0, 0, 0, 0, 0, 79, 0, 0, 0, 79, 0, 0, 79, 0, 0, 79, 0, 0, 0, 79, 0, 0, 0, 0, 0, 79, 0, 0, 0, 79, 0, 0, 79, 0, 0, 0, 0, 0, 0, 0, 0, 0, 0, 0, 0, 79, 0, 0, 0, 79],
         "height":15,
         "name":"Ladders",
         "opacity":1,
         "type":"tilelayer",
         "visible":true,
         "width":20,
         "x":0,
         "y":0
        }, 
        {
         "data":[0, 0, 0, 77, 0, 0, 0, 0, 0, 0, 0, 0, 0, 0, 0, 87, 0, 0, 0, 0, 318, 318, 0, 0, 0, 318, 318, 0, 0, 0, 0, 0, 0, 0, 0, 0, 0, 318, 318, 318, 0, 0, 0, 0, 0, 0, 0, 0, 0, 0, 0, 0, 0, 0, 0, 0, 0, 0, 0, 0, 0, 0, 0, 0, 0, 0, 0, 318, 318, 0, 318, 318, 0, 0, 0, 0, 0, 0, 0, 0, 0, 318, 318, 0, 0, 0, 0, 0, 0, 0, 0, 0, 0, 0, 0, 0, 318, 318, 0, 0, 0, 0, 0, 0, 0, 0, 0, 0, 0, 0, 0, 0, 0, 0, 0, 0, 0, 0, 0, 0, 0, 66, 0, 318, 318, 0, 0, 0, 0, 0, 0, 0, 0, 0, 0, 0, 0, 0, 0, 0, 0, 0, 0, 0, 0, 0, 0, 0, 0, 0, 0, 0, 0, 0, 0, 0, 0, 0, 0, 0, 0, 0, 0, 0, 0, 0, 318, 0, 0, 0, 0, 0, 0, 318, 318, 318, 0, 318, 0, 0, 0, 0, 0, 0, 0, 0, 0, 0, 0, 0, 0, 0, 0, 0, 0, 0, 0, 0, 0, 0, 0, 0, 0, 0, 318, 318, 0, 0, 0, 0, 0, 0, 0, 0, 0, 0, 0, 0, 0, 0, 0, 0, 0, 0, 0, 0, 0, 0, 0, 0, 0, 0, 0, 0, 0, 0, 0, 0, 0, 0, 0, 0, 0, 0, 0, 0, 0, 0, 0, 0, 0, 0, 0, 0, 0, 0, 0, 0, 0, 0, 0, 0, 0, 0, 0, 0, 0, 0, 0, 0, 0, 0, 0, 0, 0, 0, 0, 0, 0, 0, 0, 77, 0, 0, 0, 0, 0, 0, 0, 0, 0, 0, 0, 0, 77, 0, 0, 77, 0, 0],
         "height":15,
         "name":"Back",
         "opacity":1,
         "type":"tilelayer",
         "visible":true,
         "width":20,
         "x":0,
         "y":0
        }, 
        {
         "data":[0, 0, 0, 0, 0, 0, 0, 0, 74, 0, 0, 74, 91, 0, 0, 0, 0, 0, 0, 0, 0, 0, 74, 0, 0, 0, 74, 0, 0, 0, 0, 0, 0, 0, 0, 0, 0, 74, 0, 0, 0, 0, 0, 0, 0, 0, 0, 0, 0, 0, 0, 0, 0, 0, 0, 0, 0, 0, 0, 0, 0, 0, 0, 0, 0, 0, 0, 0, 0, 0, 0, 0, 0, 0, 0, 0, 0, 0, 0, 104, 0, 0, 0, 0, 91, 0, 0, 0, 0, 0, 0, 0, 0, 0, 0, 0, 0, 0, 0, 0, 0, 0, 0, 0, 0, 0, 0, 0, 0, 0, 0, 0, 0, 0, 0, 0, 0, 0, 0, 0, 0, 0, 0, 0, 0, 74, 91, 0, 0, 0, 0, 0, 0, 0, 0, 0, 0, 91, 0, 0, 0, 0, 0, 0, 0, 0, 0, 0, 0, 0, 0, 0, 0, 0, 0, 0, 0, 0, 0, 19, 0, 0, 0, 0, 0, 0, 0, 0, 0, 0, 0, 74, 0, 0, 0, 0, 0, 74, 0, 0, 0, 0, 0, 0, 0, 0, 0, 0, 0, 0, 0, 0, 0, 0, 0, 0, 0, 0, 0, 0, 0, 0, 0, 0, 0, 0, 0, 0, 0, 0, 0, 0, 0, 74, 0, 0, 0, 0, 0, 0, 0, 0, 0, 74, 0, 0, 0, 91, 0, 0, 0, 0, 0, 0, 0, 0, 0, 0, 0, 0, 0, 0, 0, 0, 0, 0, 0, 0, 0, 0, 0, 0, 0, 0, 0, 0, 74, 0, 0, 0, 0, 0, 0, 0, 104, 0, 0, 0, 0, 0, 104, 0, 0, 0, 0, 0, 0, 0, 0, 0, 1, 0, 0, 0, 0, 0, 0, 0, 0, 0, 0, 0, 0, 0, 0, 0, 0, 0, 0, 0],
         "height":15,
         "name":"Cast",
         "opacity":1,
         "type":"tilelayer",
         "visible":true,
         "width":20,
         "x":0,
         "y":0
        }, 
        {
         "data":[0, 0, 67, 67, 67, 0, 0, 67, 67, 67, 67, 67, 67, 67, 67, 67, 67, 0, 0, 0, 67, 67, 67, 0, 67, 67, 67, 67, 0, 67, 0, 0, 0, 67, 117, 67, 67, 67, 67, 67, 0, 0, 0, 0, 67, 0, 0, 0, 0, 67, 0, 0, 0, 67, 0, 67, 0, 0, 0, 67, 0, 0, 0, 67, 67, 67, 117, 67, 67, 67, 67, 67, 67, 67, 0, 67, 0, 0, 67, 67, 67, 67, 67, 67, 67, 67, 0, 0, 0, 67, 67, 0, 0, 67, 67, 67, 67, 67, 67, 0, 67, 0, 0, 0, 0, 67, 67, 67, 67, 67, 67, 67, 67, 0, 0, 67, 0, 0, 67, 67, 67, 0, 67, 67, 67, 67, 67, 0, 0, 67, 0, 0, 67, 0, 67, 67, 67, 67, 67, 0, 67, 0, 67, 67, 0, 0, 0, 67, 67, 67, 67, 0, 67, 0, 0, 0, 67, 0, 67, 0, 67, 67, 67, 67, 0, 0, 67, 67, 0, 67, 67, 67, 67, 67, 67, 67, 67, 67, 67, 67, 67, 0, 67, 0, 0, 0, 0, 0, 0, 67, 0, 0, 0, 0, 0, 67, 0, 0, 0, 67, 67, 0, 67, 67, 67, 67, 0, 67, 0, 67, 67, 67, 0, 67, 67, 67, 67, 67, 67, 67, 67, 67, 67, 67, 0, 67, 0, 67, 67, 67, 67, 67, 0, 0, 0, 67, 0, 0, 0, 67, 0, 0, 67, 0, 0, 67, 0, 0, 0, 67, 67, 67, 0, 67, 67, 67, 67, 67, 0, 67, 0, 0, 67, 67, 67, 67, 0, 67, 67, 67, 67, 67, 0, 0, 0, 67, 0, 67, 0, 67, 0, 67, 67, 0, 0, 0, 0, 0, 0, 0, 0, 67, 67, 67, 67, 67, 0, 67, 67, 67],
         "height":15,
         "name":"Coins",
         "opacity":1,
         "type":"tilelayer",
         "visible":true,
         "width":20,
         "x":0,
         "y":0
        }, 
        {
         "data":[0, 0, 0, 0, 0, 0, 0, 0, 0, 0, 0, 0, 437, 0, 0, 0, 0, 0, 0, 0, 0, 0, 0, 0, 0, 0, 0, 0, 0, 0, 0, 0, 0, 0, 0, 0, 0, 0, 0, 0, 0, 0, 0, 0, 0, 0, 0, 0, 0, 0, 0, 0, 0, 0, 0, 0, 0, 0, 0, 0, 0, 0, 0, 0, 0, 0, 277, 266, 266, 266, 266, 266, 326, 0, 0, 0, 0, 0, 0, 0, 0, 0, 0, 0, 0, 0, 0, 0, 0, 0, 0, 0, 0, 0, 0, 0, 408, 0, 0, 0, 0, 0, 0, 0, 0, 0, 0, 0, 0, 0, 0, 0, 380, 0, 0, 0, 0, 0, 0, 0, 0, 0, 0, 0, 0, 0, 0, 0, 0, 0, 0, 0, 0, 0, 0, 0, 0, 0, 0, 0, 0, 0, 0, 0, 0, 0, 0, 0, 0, 0, 0, 0, 0, 0, 0, 0, 0, 0, 0, 0, 0, 384, 0, 0, 0, 0, 390, 0, 0, 0, 0, 0, 277, 266, 266, 266, 266, 266, 0, 0, 0, 0, 0, 0, 0, 0, 0, 0, 0, 0, 0, 0, 0, 0, 0, 0, 0, 0, 0, 0, 0, 0, 0, 0, 0, 0, 0, 0, 0, 0, 0, 0, 0, 266, 266, 266, 266, 266, 326, 0, 0, 318, 0, 0, 0, 0, 0, 0, 391, 0, 0, 0, 0, 0, 0, 0, 0, 0, 0, 0, 0, 0, 0, 0, 0, 0, 0, 0, 0, 0, 0, 0, 0, 266, 266, 266, 326, 0, 0, 0, 0, 0, 0, 318, 318, 0, 0, 318, 318, 0, 0, 0, 0, 0, 0, 0, 0, 0, 0, 0, 86, 318, 405, 0, 0, 0, 0, 0, 0, 0, 0, 0, 0, 78, 0, 0, 0, 0, 318, 399],
         "height":15,
         "name":"Front",
         "opacity":1,
         "type":"tilelayer",
         "visible":true,
         "width":20,
         "x":0,
         "y":0
        }, 
        {
         "data":[0, 0, 0, 0, 0, 0, 0, 0, 0, 0, 0, 0, 0, 0, 0, 0, 0, 0, 0, 0, 0, 0, 0, 0, 0, 0, 0, 0, 0, 0, 0, 0, 0, 0, 0, 0, 0, 0, 0, 0, 0, 0, 0, 0, 0, 0, 0, 0, 58, 0, 0, 0, 58, 0, 0, 0, 0, 0, 0, 0, 0, 0, 0, 0, 0, 0, 0, 0, 0, 0, 0, 0, 0, 0, 0, 0, 0, 0, 0, 0, 0, 0, 0, 0, 0, 0, 0, 0, 0, 0, 0, 0, 0, 0, 0, 0, 0, 0, 0, 0, 0, 0, 0, 0, 0, 0, 0, 0, 0, 0, 0, 0, 0, 0, 0, 0, 0, 0, 0, 0, 0, 0, 0, 0, 0, 0, 0, 0, 0, 0, 0, 0, 0, 0, 0, 0, 0, 0, 0, 0, 0, 0, 0, 0, 0, 0, 0, 0, 0, 0, 0, 58, 0, 0, 0, 0, 0, 0, 0, 0, 0, 0, 0, 0, 0, 0, 0, 0, 0, 0, 0, 0, 0, 0, 0, 0, 0, 0, 0, 0, 0, 0, 0, 0, 0, 0, 0, 0, 0, 0, 0, 0, 0, 0, 0, 0, 0, 0, 0, 0, 0, 0, 0, 0, 0, 0, 0, 0, 0, 0, 0, 0, 0, 0, 0, 0, 0, 0, 0, 0, 0, 0, 0, 0, 0, 0, 0, 0, 0, 0, 0, 0, 0, 0, 0, 0, 0, 0, 0, 0, 0, 0, 0, 0, 0, 0, 0, 0, 0, 0, 0, 0, 0, 0, 0, 0, 0, 0, 0, 0, 0, 0, 0, 0, 0, 0, 0, 0, 0, 0, 0, 0, 0, 0, 0, 0, 0, 0, 0, 0, 0, 0, 0, 0, 0, 0, 0, 0, 0, 0, 0, 0, 0, 0, 0, 0, 0, 0, 0, 0],
         "height":15,
         "name":"bomb",
         "opacity":1,
         "type":"tilelayer",
         "visible":true,
         "width":20,
         "x":0,
         "y":0
        }],
 "orientation":"orthogonal",
 "properties":
    {

    },
 "tileheight":50,
 "tilesets":[
        {
         "firstgid":1,
         "image":"bandit_spritesheet.png",
         "imageheight":1250,
         "imagewidth":900,
         "margin":0,
         "name":"bandit_spritesheet",
         "properties":
            {

            },
         "spacing":0,
         "tileheight":50,
         "tilewidth":50
        }],
 "tilewidth":50,
 "version":1,
 "width":20
}