{ "height":15,
 "layers":[
        {
         "data":[0, 49, 0, 0, 0, 0, 49, 0, 0, 0, 0, 0, 0, 49, 49, 49, 0, 0, 0, 0, 49, 49, 49, 49, 49, 49, 49, 0, 49, 49, 49, 49, 0, 0, 0, 0, 49, 49, 49, 49, 0, 0, 0, 49, 0, 0, 0, 0, 0, 0, 0, 0, 49, 209, 199, 227, 49, 0, 0, 0, 209, 199, 227, 49, 49, 49, 0, 0, 0, 0, 49, 0, 0, 0, 0, 0, 0, 0, 0, 0, 0, 0, 0, 49, 0, 49, 49, 209, 199, 227, 49, 49, 49, 49, 49, 49, 49, 49, 49, 49, 209, 199, 227, 49, 0, 0, 0, 0, 0, 0, 0, 49, 49, 0, 49, 0, 0, 0, 0, 0, 0, 0, 0, 0, 0, 49, 49, 49, 49, 0, 0, 49, 49, 0, 49, 49, 49, 49, 49, 49, 49, 49, 49, 49, 49, 0, 0, 0, 49, 49, 49, 0, 49, 0, 0, 0, 0, 0, 0, 0, 49, 49, 49, 49, 49, 0, 0, 0, 0, 0, 0, 0, 0, 0, 0, 49, 209, 199, 227, 49, 0, 0, 0, 0, 0, 49, 49, 49, 49, 49, 49, 49, 49, 49, 49, 0, 0, 0, 0, 0, 199, 199, 227, 49, 49, 49, 0, 0, 49, 0, 49, 49, 0, 0, 49, 49, 49, 49, 49, 49, 0, 0, 0, 0, 49, 0, 0, 227, 49, 49, 49, 49, 209, 0, 49, 0, 0, 0, 0, 0, 49, 49, 49, 49, 49, 49, 0, 0, 0, 0, 0, 0, 0, 0, 0, 49, 49, 49, 49, 49, 0, 0, 0, 49, 49, 49, 49, 209, 199, 199, 199, 199, 199, 227, 49, 49, 49, 0, 0, 0, 49, 49, 49, 49, 49, 0, 0, 0, 0, 0, 0, 0, 0, 0, 0, 0, 0, 0, 49, 49],
         "height":15,
         "name":"Blocks",
         "opacity":1,
         "type":"tilelayer",
         "visible":true,
         "width":20,
         "x":0,
         "y":0
        }, 
        {
         "data":[0, 0, 0, 0, 0, 0, 0, 0, 0, 0, 0, 0, 0, 0, 0, 0, 0, 0, 0, 0, 0, 0, 0, 0, 80, 0, 0, 0, 80, 0, 0, 0, 0, 0, 0, 0, 0, 0, 0, 80, 0, 0, 0, 0, 80, 0, 0, 0, 80, 0, 0, 0, 0, 80, 0, 0, 0, 0, 0, 80, 0, 0, 0, 0, 80, 0, 0, 0, 80, 0, 80, 0, 0, 80, 0, 0, 0, 0, 0, 80, 0, 0, 0, 0, 80, 0, 0, 0, 0, 0, 80, 0, 0, 80, 0, 0, 0, 0, 0, 0, 0, 0, 0, 0, 80, 0, 0, 0, 0, 0, 80, 0, 0, 80, 0, 0, 0, 0, 0, 0, 0, 0, 0, 0, 80, 0, 0, 0, 0, 0, 80, 0, 0, 80, 0, 0, 0, 0, 0, 0, 80, 0, 0, 0, 0, 0, 0, 0, 0, 0, 0, 0, 0, 80, 0, 0, 0, 0, 0, 0, 80, 0, 0, 0, 0, 0, 0, 0, 0, 0, 0, 0, 0, 80, 0, 0, 0, 0, 0, 0, 80, 0, 0, 0, 0, 0, 0, 0, 80, 0, 0, 0, 0, 0, 0, 0, 0, 0, 0, 0, 0, 0, 0, 80, 0, 0, 0, 0, 80, 0, 0, 0, 0, 0, 0, 0, 0, 0, 0, 0, 0, 0, 0, 80, 0, 0, 0, 0, 80, 80, 0, 0, 0, 0, 0, 0, 0, 0, 0, 0, 80, 0, 0, 0, 0, 80, 0, 0, 80, 0, 0, 0, 0, 0, 0, 0, 0, 80, 0, 0, 80, 0, 0, 0, 0, 80, 0, 0, 80, 0, 80, 0, 0, 0, 0, 0, 0, 80, 0, 0, 80, 0, 0, 0, 0, 80, 0, 0, 80, 0, 80, 0, 0, 0, 0, 0, 0, 80, 0, 0],
         "height":15,
         "name":"Ladders",
         "opacity":1,
         "type":"tilelayer",
         "visible":true,
         "width":20,
         "x":0,
         "y":0
        }, 
        {
         "data":[0, 0, 151, 0, 0, 151, 0, 0, 0, 0, 0, 0, 0, 0, 0, 0, 0, 151, 0, 0, 0, 0, 0, 0, 0, 0, 0, 0, 0, 0, 0, 0, 0, 318, 318, 318, 0, 0, 0, 0, 318, 318, 318, 0, 0, 0, 0, 0, 0, 0, 86, 0, 0, 0, 0, 0, 0, 0, 0, 0, 0, 0, 0, 0, 0, 0, 0, 0, 0, 0, 0, 0, 125, 0, 151, 0, 0, 0, 0, 0, 0, 0, 0, 0, 0, 0, 0, 0, 0, 0, 0, 0, 0, 0, 0, 0, 0, 0, 0, 0, 0, 0, 0, 0, 0, 318, 318, 0, 0, 0, 0, 0, 0, 0, 0, 151, 0, 0, 0, 0, 0, 151, 0, 0, 0, 0, 0, 0, 0, 0, 0, 0, 0, 0, 0, 0, 0, 0, 0, 0, 0, 0, 0, 0, 0, 0, 0, 0, 0, 0, 0, 0, 0, 0, 0, 0, 318, 318, 318, 0, 0, 0, 0, 0, 0, 0, 0, 0, 318, 318, 318, 0, 0, 0, 0, 0, 0, 0, 0, 0, 0, 318, 318, 0, 0, 0, 0, 0, 0, 0, 0, 0, 0, 0, 0, 0, 0, 0, 0, 0, 0, 0, 0, 0, 0, 0, 0, 0, 0, 378, 0, 0, 0, 0, 0, 0, 0, 0, 0, 0, 184, 151, 0, 0, 0, 0, 0, 0, 0, 0, 0, 0, 0, 0, 0, 318, 318, 318, 318, 318, 0, 0, 0, 0, 0, 0, 0, 0, 0, 318, 318, 318, 0, 0, 0, 0, 0, 0, 0, 0, 0, 318, 318, 0, 0, 0, 0, 0, 0, 0, 0, 0, 0, 0, 0, 0, 0, 0, 318, 318, 0, 0, 0, 0, 0, 0, 125, 151, 0, 125, 0, 151, 125, 151, 125, 151, 151, 0, 0, 0],
         "height":15,
         "name":"Back",
         "opacity":1,
         "type":"tilelayer",
         "visible":true,
         "width":20,
         "x":0,
         "y":0
        }, 
        {
         "data":[0, 0, 0, 0, 74, 91, 0, 0, 0, 0, 0, 91, 0, 0, 0, 0, 91, 0, 0, 0, 0, 0, 0, 0, 0, 0, 0, 0, 0, 0, 0, 0, 0, 0, 0, 74, 0, 0, 0, 0, 0, 0, 74, 0, 0, 0, 0, 0, 0, 0, 0, 0, 0, 0, 0, 0, 0, 0, 0, 0, 0, 0, 0, 0, 0, 0, 91, 0, 0, 74, 0, 0, 0, 0, 0, 74, 0, 91, 0, 0, 0, 0, 104, 0, 0, 0, 0, 0, 0, 0, 0, 0, 0, 0, 0, 0, 0, 0, 0, 0, 0, 0, 0, 0, 0, 0, 0, 0, 74, 0, 0, 0, 0, 0, 0, 0, 0, 0, 0, 104, 91, 74, 0, 0, 74, 0, 0, 0, 0, 104, 0, 0, 0, 0, 0, 0, 0, 0, 0, 0, 0, 0, 0, 0, 0, 0, 0, 0, 0, 0, 0, 0, 0, 0, 0, 104, 0, 0, 0, 0, 0, 0, 0, 0, 0, 0, 0, 0, 74, 0, 91, 0, 74, 0, 74, 0, 0, 0, 0, 0, 0, 0, 74, 0, 74, 0, 0, 0, 0, 0, 0, 0, 0, 0, 0, 0, 74, 0, 0, 104, 0, 0, 0, 0, 0, 0, 0, 1, 0, 0, 0, 0, 19, 0, 0, 0, 0, 0, 0, 0, 104, 0, 0, 74, 0, 0, 0, 0, 0, 0, 0, 0, 0, 0, 0, 0, 0, 0, 74, 0, 0, 0, 0, 0, 0, 0, 0, 74, 0, 0, 74, 0, 91, 0, 0, 0, 0, 0, 0, 0, 0, 91, 74, 0, 0, 0, 0, 0, 0, 0, 0, 0, 0, 0, 0, 0, 0, 0, 0, 104, 0, 0, 0, 0, 0, 0, 0, 0, 0, 0, 0, 0, 0, 0, 0, 0, 0, 0, 0, 0],
         "height":15,
         "name":"Cast",
         "opacity":1,
         "type":"tilelayer",
         "visible":true,
         "width":20,
         "x":0,
         "y":0
        }, 
        {
         "data":[89, 0, 67, 67, 67, 67, 0, 67, 67, 67, 117, 67, 67, 0, 0, 0, 67, 67, 67, 67, 0, 0, 0, 0, 67, 0, 0, 67, 67, 0, 0, 0, 67, 67, 67, 67, 67, 0, 0, 67, 67, 67, 67, 0, 67, 67, 67, 67, 67, 67, 67, 67, 0, 67, 0, 0, 0, 0, 0, 67, 0, 67, 0, 0, 67, 0, 67, 67, 67, 67, 67, 67, 67, 67, 67, 67, 67, 67, 67, 67, 117, 67, 67, 0, 67, 0, 0, 0, 0, 0, 67, 0, 0, 67, 0, 0, 0, 0, 67, 0, 0, 0, 0, 0, 67, 67, 67, 67, 67, 67, 67, 0, 0, 67, 0, 67, 67, 67, 67, 67, 67, 67, 67, 67, 67, 0, 0, 0, 0, 67, 67, 0, 0, 67, 0, 67, 0, 0, 0, 0, 67, 0, 0, 0, 67, 67, 67, 67, 0, 0, 0, 89, 0, 67, 67, 67, 67, 67, 67, 67, 67, 0, 0, 0, 0, 67, 67, 67, 67, 67, 67, 67, 67, 67, 67, 0, 0, 67, 0, 0, 67, 67, 67, 67, 67, 67, 0, 0, 67, 0, 0, 0, 0, 0, 0, 67, 67, 67, 67, 67, 0, 0, 0, 0, 0, 0, 67, 0, 67, 0, 0, 0, 0, 67, 0, 67, 0, 0, 0, 0, 67, 67, 67, 67, 0, 67, 67, 0, 67, 0, 0, 0, 0, 67, 0, 67, 67, 67, 67, 67, 67, 0, 0, 0, 0, 67, 67, 67, 67, 67, 67, 67, 67, 67, 67, 0, 0, 67, 0, 0, 67, 67, 67, 0, 0, 67, 0, 0, 67, 0, 67, 0, 0, 0, 0, 0, 0, 67, 67, 67, 67, 0, 0, 0, 0, 67, 67, 67, 67, 67, 67, 67, 67, 67, 67, 67, 67, 67, 0, 0],
         "height":15,
         "name":"Coins",
         "opacity":1,
         "type":"tilelayer",
         "visible":true,
         "width":20,
         "x":0,
         "y":0
        }, 
        {
         "data":[0, 0, 0, 125, 0, 0, 0, 0, 0, 346, 0, 0, 0, 0, 0, 0, 0, 0, 125, 0, 0, 0, 0, 0, 0, 0, 0, 0, 0, 0, 0, 0, 284, 266, 266, 266, 0, 0, 0, 0, 266, 266, 266, 0, 0, 0, 0, 0, 0, 0, 0, 0, 0, 0, 0, 0, 0, 0, 0, 0, 0, 0, 0, 0, 0, 0, 284, 266, 266, 266, 0, 0, 0, 0, 0, 0, 0, 0, 0, 0, 266, 266, 266, 0, 0, 0, 0, 0, 0, 0, 0, 0, 0, 0, 0, 0, 0, 0, 0, 0, 0, 0, 0, 0, 0, 318, 318, 0, 0, 0, 0, 0, 0, 0, 0, 318, 318, 125, 318, 318, 0, 0, 125, 0, 0, 0, 0, 0, 0, 0, 0, 0, 0, 0, 0, 0, 0, 0, 0, 0, 0, 0, 0, 0, 0, 0, 0, 0, 0, 0, 0, 0, 0, 0, 0, 284, 266, 266, 266, 329, 0, 0, 0, 0, 0, 0, 0, 0, 0, 318, 318, 125, 0, 0, 0, 0, 0, 0, 0, 0, 266, 266, 266, 329, 0, 0, 0, 0, 0, 0, 0, 0, 0, 0, 0, 0, 0, 0, 0, 0, 0, 0, 0, 0, 0, 0, 0, 0, 0, 0, 0, 0, 0, 0, 0, 0, 0, 0, 0, 0, 0, 184, 183, 183, 0, 0, 0, 0, 0, 0, 0, 0, 0, 0, 0, 184, 183, 0, 184, 183, 0, 0, 0, 0, 0, 0, 284, 266, 266, 266, 266, 266, 266, 266, 329, 0, 0, 0, 0, 0, 0, 0, 0, 0, 0, 0, 0, 0, 0, 0, 0, 0, 0, 0, 0, 0, 0, 0, 0, 0, 0, 151, 77, 0, 0, 0, 125, 0, 77, 125, 0, 77, 125, 0, 125, 77, 78, 0, 0, 151],
         "height":15,
         "name":"Front",
         "opacity":1,
         "type":"tilelayer",
         "visible":true,
         "width":20,
         "x":0,
         "y":0
        }, 
        {
         "data":[0, 69, 0, 0, 0, 0, 0, 0, 0, 0, 0, 0, 0, 0, 0, 0, 0, 0, 0, 0, 0, 0, 0, 0, 0, 0, 0, 0, 0, 0, 0, 0, 0, 0, 0, 0, 0, 0, 0, 0, 0, 0, 0, 0, 0, 0, 0, 0, 0, 0, 0, 0, 0, 0, 0, 0, 0, 0, 0, 0, 0, 0, 0, 0, 0, 0, 0, 0, 0, 0, 0, 0, 0, 0, 0, 0, 0, 0, 0, 0, 0, 0, 0, 0, 0, 0, 0, 0, 0, 0, 0, 0, 0, 0, 0, 0, 0, 0, 0, 0, 0, 0, 0, 0, 0, 0, 0, 0, 0, 0, 0, 0, 0, 0, 0, 0, 0, 0, 0, 0, 0, 0, 0, 0, 0, 0, 0, 0, 0, 0, 0, 69, 69, 0, 0, 0, 0, 0, 0, 0, 0, 0, 0, 0, 0, 0, 0, 0, 0, 0, 0, 0, 0, 0, 0, 0, 0, 0, 0, 0, 0, 0, 0, 0, 0, 0, 0, 0, 0, 0, 0, 0, 0, 0, 0, 0, 0, 0, 0, 0, 0, 0, 0, 0, 0, 0, 0, 0, 0, 0, 0, 0, 0, 0, 0, 0, 0, 0, 0, 0, 0, 0, 0, 0, 0, 0, 0, 0, 0, 58, 0, 0, 0, 0, 0, 0, 0, 0, 0, 0, 0, 0, 0, 0, 0, 0, 0, 0, 0, 0, 0, 0, 0, 0, 0, 0, 0, 0, 0, 0, 0, 0, 0, 0, 58, 0, 0, 0, 0, 0, 0, 0, 0, 0, 0, 0, 0, 0, 0, 0, 0, 0, 0, 0, 0, 0, 0, 0, 0, 0, 0, 0, 0, 0, 0, 0, 0, 0, 0, 0, 0, 0, 0, 0, 58, 0, 0, 0, 0, 0, 0, 0, 0, 0, 0, 0, 0, 0, 58, 0],
         "height":15,
         "name":"bomb",
         "opacity":1,
         "type":"tilelayer",
         "visible":true,
         "width":20,
         "x":0,
         "y":0
        }],
 "orientation":"orthogonal",
 "properties":
    {

    },
 "tileheight":50,
 "tilesets":[
        {
         "firstgid":1,
         "image":"bandit_spritesheet.png",
         "imageheight":1250,
         "imagewidth":900,
         "margin":0,
         "name":"bandit_spritesheet",
         "properties":
            {

            },
         "spacing":0,
         "tileheight":50,
         "tilewidth":50
        }],
 "tilewidth":50,
 "version":1,
 "width":20
}