{ "height":15,
 "layers":[
        {
         "data":[0, 41, 41, 41, 0, 0, 0, 0, 0, 0, 0, 0, 0, 0, 0, 0, 41, 41, 41, 0, 41, 41, 41, 41, 41, 41, 0, 41, 245, 219, 218, 246, 41, 0, 41, 41, 41, 41, 41, 41, 0, 0, 0, 0, 0, 0, 0, 0, 0, 0, 0, 0, 0, 0, 0, 0, 0, 0, 0, 0, 218, 246, 41, 41, 0, 0, 41, 41, 41, 0, 0, 41, 41, 41, 0, 0, 41, 245, 217, 218, 0, 0, 41, 0, 0, 0, 41, 41, 41, 41, 41, 41, 41, 41, 0, 0, 0, 0, 0, 0, 41, 41, 41, 0, 0, 0, 41, 0, 0, 0, 0, 0, 0, 41, 0, 0, 0, 41, 41, 41, 0, 0, 0, 0, 0, 0, 41, 245, 218, 217, 41, 219, 246, 41, 0, 0, 0, 41, 0, 0, 245, 219, 41, 41, 219, 246, 41, 0, 0, 0, 41, 0, 0, 41, 41, 41, 41, 41, 41, 41, 0, 41, 41, 41, 41, 0, 41, 41, 41, 41, 41, 41, 41, 41, 0, 41, 41, 41, 0, 41, 0, 0, 0, 0, 0, 0, 41, 41, 0, 0, 0, 0, 0, 41, 0, 0, 0, 0, 0, 0, 41, 41, 41, 41, 41, 41, 41, 41, 245, 217, 218, 219, 246, 41, 245, 217, 217, 246, 41, 41, 41, 41, 0, 41, 41, 0, 41, 0, 0, 0, 0, 0, 0, 41, 0, 41, 41, 0, 41, 41, 0, 0, 41, 41, 41, 41, 41, 41, 41, 41, 41, 41, 41, 41, 41, 41, 41, 41, 0, 0, 41, 41, 41, 41, 0, 0, 0, 41, 0, 41, 41, 41, 41, 0, 0, 0, 41, 41, 41, 41, 41, 0, 0, 0, 41, 41, 41, 41, 0, 0, 0, 0, 41, 41, 41, 41, 0, 0, 0, 41],
         "height":15,
         "name":"Blocks",
         "opacity":1,
         "type":"tilelayer",
         "visible":true,
         "width":20,
         "x":0,
         "y":0
        }, 
        {
         "data":[0, 0, 0, 0, 0, 0, 0, 0, 0, 0, 0, 0, 0, 0, 0, 0, 0, 0, 0, 0, 0, 0, 0, 0, 79, 0, 0, 79, 0, 79, 0, 0, 79, 0, 0, 79, 0, 0, 0, 0, 0, 0, 0, 0, 79, 0, 0, 79, 0, 79, 0, 0, 79, 0, 0, 79, 0, 0, 0, 0, 0, 0, 0, 0, 79, 0, 0, 0, 0, 79, 0, 0, 0, 0, 0, 79, 0, 0, 0, 0, 0, 0, 0, 0, 79, 0, 0, 0, 0, 79, 0, 0, 0, 0, 0, 79, 0, 0, 0, 0, 79, 0, 0, 0, 79, 0, 0, 0, 0, 79, 0, 0, 0, 0, 0, 79, 0, 0, 0, 79, 79, 0, 0, 0, 0, 0, 0, 0, 0, 79, 0, 79, 0, 0, 0, 0, 0, 0, 0, 79, 0, 0, 0, 0, 0, 0, 0, 0, 0, 79, 0, 79, 0, 0, 0, 0, 0, 0, 0, 0, 0, 0, 0, 0, 0, 0, 0, 79, 0, 0, 0, 0, 79, 0, 0, 0, 0, 0, 0, 0, 0, 0, 0, 0, 0, 0, 0, 79, 0, 0, 0, 0, 79, 0, 0, 0, 0, 0, 0, 0, 79, 0, 0, 0, 0, 0, 0, 79, 0, 0, 0, 0, 0, 0, 0, 0, 0, 0, 0, 79, 79, 0, 0, 0, 0, 0, 0, 79, 0, 0, 0, 0, 0, 0, 0, 0, 0, 0, 0, 79, 79, 0, 79, 0, 0, 79, 0, 0, 0, 0, 0, 79, 0, 0, 79, 0, 0, 79, 0, 79, 0, 79, 79, 0, 0, 0, 0, 0, 0, 0, 0, 79, 0, 0, 0, 0, 0, 79, 79, 0, 0, 79, 0, 0, 0, 0, 0, 0, 0, 0, 0, 79, 0, 0, 0, 0, 0, 0, 79, 0],
         "height":15,
         "name":"Ladders",
         "opacity":1,
         "type":"tilelayer",
         "visible":true,
         "width":20,
         "x":0,
         "y":0
        }, 
        {
         "data":[0, 0, 0, 0, 0, 0, 0, 0, 0, 0, 0, 0, 0, 0, 0, 0, 0, 0, 0, 0, 0, 0, 0, 0, 0, 0, 0, 0, 0, 0, 0, 0, 0, 0, 0, 0, 0, 0, 0, 0, 321, 321, 0, 0, 0, 0, 0, 0, 0, 0, 0, 0, 0, 0, 0, 0, 0, 321, 321, 321, 0, 0, 0, 0, 0, 0, 0, 0, 0, 0, 0, 0, 0, 0, 0, 0, 0, 0, 0, 0, 0, 0, 0, 0, 0, 0, 0, 0, 0, 0, 0, 0, 0, 0, 0, 0, 0, 0, 0, 0, 0, 0, 0, 0, 0, 0, 0, 0, 0, 0, 0, 0, 0, 0, 0, 0, 0, 0, 0, 0, 0, 0, 0, 0, 0, 0, 0, 0, 0, 0, 0, 0, 0, 0, 0, 0, 0, 0, 0, 0, 0, 0, 0, 0, 0, 0, 0, 0, 0, 0, 0, 0, 0, 0, 0, 0, 0, 0, 0, 0, 0, 0, 0, 0, 0, 0, 0, 0, 0, 0, 0, 0, 0, 0, 0, 0, 0, 0, 0, 0, 0, 0, 0, 0, 0, 0, 0, 0, 0, 0, 0, 0, 0, 0, 0, 0, 0, 0, 0, 0, 0, 0, 0, 0, 0, 0, 0, 0, 0, 0, 0, 0, 0, 0, 0, 0, 0, 0, 0, 0, 0, 0, 0, 0, 0, 0, 0, 0, 0, 0, 0, 0, 0, 0, 0, 0, 0, 0, 0, 0, 0, 183, 0, 0, 0, 0, 0, 0, 0, 0, 0, 0, 0, 0, 0, 0, 0, 0, 183, 0, 0, 0, 0, 0, 0, 0, 0, 0, 0, 0, 0, 0, 0, 0, 0, 0, 0, 0, 0, 0, 0, 0, 88, 0, 0, 0, 0, 0, 0, 88, 77, 0, 0, 0, 0, 0, 0, 88, 0, 0],
         "height":15,
         "name":"Back",
         "opacity":1,
         "type":"tilelayer",
         "visible":true,
         "width":20,
         "x":0,
         "y":0
        }, 
        {
         "data":[0, 0, 0, 0, 104, 0, 0, 91, 127, 0, 74, 0, 74, 0, 0, 104, 0, 0, 0, 0, 0, 0, 0, 0, 0, 0, 0, 0, 0, 0, 0, 0, 0, 0, 0, 0, 0, 0, 0, 0, 0, 74, 0, 74, 0, 0, 74, 0, 104, 0, 0, 0, 0, 74, 0, 0, 74, 0, 0, 74, 0, 0, 0, 0, 0, 0, 0, 0, 0, 0, 91, 0, 0, 0, 0, 0, 0, 0, 0, 0, 0, 104, 0, 0, 0, 0, 0, 0, 0, 0, 0, 0, 0, 0, 0, 0, 0, 91, 0, 74, 0, 0, 0, 0, 0, 0, 0, 0, 74, 0, 0, 127, 0, 0, 0, 0, 0, 0, 0, 0, 0, 74, 0, 0, 74, 91, 0, 0, 0, 0, 0, 0, 0, 0, 0, 0, 74, 0, 104, 0, 0, 0, 0, 0, 0, 0, 0, 0, 0, 91, 0, 0, 104, 0, 0, 0, 0, 0, 0, 0, 0, 0, 0, 0, 0, 0, 0, 0, 0, 0, 0, 0, 0, 0, 0, 0, 0, 0, 0, 0, 91, 74, 0, 0, 104, 74, 0, 0, 104, 0, 0, 74, 74, 0, 91, 74, 0, 104, 74, 0, 0, 0, 0, 0, 0, 0, 0, 0, 0, 0, 0, 0, 0, 0, 0, 0, 0, 0, 0, 0, 0, 0, 0, 0, 0, 0, 0, 91, 0, 74, 0, 74, 91, 0, 0, 0, 0, 0, 0, 0, 0, 104, 0, 0, 0, 0, 0, 0, 0, 0, 0, 0, 0, 0, 0, 0, 0, 0, 104, 0, 0, 0, 0, 0, 0, 0, 104, 0, 0, 0, 0, 0, 0, 0, 0, 104, 0, 0, 0, 0, 0, 0, 0, 1, 0, 0, 0, 0, 0, 0, 0, 0, 0, 0, 0, 0, 19, 0, 0, 0],
         "height":15,
         "name":"Cast",
         "opacity":1,
         "type":"tilelayer",
         "visible":true,
         "width":20,
         "x":0,
         "y":0
        }, 
        {
         "data":[89, 0, 0, 0, 67, 67, 67, 67, 67, 67, 67, 67, 67, 67, 67, 67, 0, 0, 0, 89, 0, 0, 0, 0, 67, 0, 0, 67, 67, 67, 0, 67, 67, 0, 0, 67, 0, 0, 0, 0, 67, 67, 67, 67, 67, 67, 67, 67, 67, 67, 67, 67, 67, 67, 67, 67, 67, 67, 67, 67, 0, 0, 0, 0, 67, 67, 0, 0, 0, 67, 67, 0, 0, 0, 67, 67, 0, 0, 0, 0, 67, 67, 0, 67, 67, 67, 0, 0, 0, 67, 0, 0, 0, 0, 67, 67, 67, 67, 67, 67, 67, 0, 0, 67, 67, 67, 0, 67, 67, 67, 67, 67, 67, 0, 67, 67, 67, 0, 0, 67, 67, 67, 67, 67, 67, 67, 0, 0, 0, 67, 0, 0, 0, 0, 67, 67, 67, 0, 67, 67, 0, 0, 0, 0, 0, 0, 0, 67, 67, 67, 0, 67, 67, 0, 0, 0, 0, 0, 0, 0, 67, 0, 0, 0, 0, 67, 0, 67, 0, 0, 0, 0, 0, 0, 67, 0, 0, 0, 67, 0, 67, 67, 67, 67, 67, 67, 0, 67, 67, 67, 67, 67, 67, 0, 67, 67, 67, 67, 67, 67, 67, 0, 0, 0, 0, 0, 0, 67, 0, 0, 0, 0, 0, 0, 0, 0, 0, 0, 0, 67, 67, 0, 0, 0, 0, 0, 0, 67, 67, 67, 67, 67, 67, 0, 0, 0, 0, 0, 0, 67, 67, 67, 0, 0, 0, 0, 0, 0, 0, 0, 0, 67, 0, 0, 0, 0, 0, 0, 67, 67, 0, 67, 0, 0, 67, 67, 67, 0, 67, 0, 0, 67, 0, 67, 67, 67, 0, 0, 67, 0, 0, 67, 67, 0, 0, 0, 0, 0, 67, 67, 67, 67, 0, 0, 0, 0, 0, 67, 67, 0],
         "height":15,
         "name":"Coins",
         "opacity":1,
         "type":"tilelayer",
         "visible":true,
         "width":20,
         "x":0,
         "y":0
        }, 
        {
         "data":[86, 0, 0, 0, 0, 0, 0, 259, 261, 261, 261, 261, 335, 0, 435, 0, 0, 0, 0, 87, 0, 0, 0, 0, 0, 0, 0, 0, 0, 0, 0, 0, 0, 0, 0, 0, 0, 0, 0, 0, 261, 261, 335, 0, 0, 0, 0, 0, 0, 0, 0, 413, 0, 0, 0, 0, 259, 261, 261, 261, 0, 0, 0, 0, 0, 0, 0, 0, 0, 0, 0, 0, 0, 0, 0, 0, 0, 0, 0, 0, 0, 0, 0, 0, 0, 0, 0, 0, 0, 0, 0, 0, 0, 0, 0, 0, 0, 0, 0, 0, 0, 0, 0, 0, 0, 0, 0, 261, 261, 261, 261, 261, 261, 0, 0, 0, 0, 0, 0, 0, 261, 261, 335, 259, 261, 261, 0, 0, 0, 0, 0, 0, 0, 0, 0, 0, 0, 0, 0, 0, 0, 288, 0, 0, 288, 0, 0, 0, 0, 390, 0, 0, 0, 0, 0, 0, 0, 0, 0, 0, 0, 0, 0, 0, 0, 0, 0, 0, 0, 0, 0, 0, 0, 0, 0, 0, 0, 0, 0, 0, 0, 321, 321, 321, 321, 0, 0, 0, 261, 261, 261, 261, 261, 0, 261, 261, 261, 261, 335, 0, 0, 0, 0, 0, 0, 0, 0, 0, 0, 0, 0, 0, 0, 0, 0, 288, 288, 0, 0, 0, 0, 0, 0, 0, 0, 0, 0, 0, 0, 0, 0, 0, 0, 0, 0, 0, 0, 0, 0, 0, 183, 0, 0, 0, 0, 0, 0, 0, 0, 0, 0, 0, 0, 0, 0, 0, 0, 0, 0, 183, 0, 0, 0, 0, 183, 183, 183, 0, 0, 0, 0, 0, 0, 183, 183, 183, 0, 0, 0, 0, 0, 415, 0, 0, 0, 0, 0, 0, 78, 0, 0, 413, 0, 0, 0, 0, 0, 0, 433, 0],
         "height":15,
         "name":"Front",
         "opacity":1,
         "type":"tilelayer",
         "visible":true,
         "width":20,
         "x":0,
         "y":0
        }, 
        {
         "data":[0, 69, 69, 69, 0, 0, 0, 0, 0, 0, 0, 0, 0, 0, 0, 0, 69, 69, 69, 0, 0, 0, 0, 0, 0, 0, 0, 0, 0, 0, 0, 0, 0, 0, 0, 0, 0, 0, 0, 0, 0, 0, 0, 0, 0, 0, 0, 0, 0, 0, 0, 0, 0, 0, 0, 0, 0, 0, 0, 0, 0, 0, 0, 0, 0, 0, 0, 0, 0, 0, 0, 0, 0, 0, 0, 0, 0, 0, 0, 0, 0, 0, 0, 0, 0, 0, 0, 0, 0, 0, 0, 0, 0, 0, 0, 0, 0, 0, 0, 0, 0, 0, 0, 0, 0, 0, 0, 0, 0, 0, 0, 0, 0, 0, 0, 0, 0, 0, 0, 0, 0, 0, 0, 0, 0, 0, 0, 0, 0, 0, 0, 0, 0, 0, 0, 0, 0, 0, 0, 0, 0, 0, 0, 0, 0, 0, 0, 0, 0, 0, 58, 0, 0, 0, 0, 0, 0, 0, 0, 0, 0, 0, 0, 0, 0, 0, 0, 0, 0, 0, 0, 0, 0, 0, 0, 0, 0, 0, 0, 0, 0, 0, 0, 0, 0, 0, 0, 0, 0, 0, 0, 0, 0, 0, 0, 0, 0, 0, 0, 0, 0, 0, 0, 0, 0, 0, 0, 0, 0, 0, 0, 0, 0, 0, 0, 0, 0, 0, 0, 0, 0, 0, 58, 0, 0, 58, 0, 0, 0, 0, 0, 0, 0, 0, 58, 0, 0, 58, 0, 0, 0, 0, 0, 0, 0, 0, 0, 0, 0, 0, 0, 0, 0, 0, 0, 0, 0, 0, 0, 0, 0, 0, 0, 0, 0, 0, 0, 0, 0, 0, 0, 0, 0, 0, 0, 0, 0, 0, 0, 0, 0, 0, 0, 0, 0, 0, 0, 0, 0, 0, 0, 0, 0, 0, 0, 0, 0, 0, 0, 0],
         "height":15,
         "name":"bomb",
         "opacity":1,
         "type":"tilelayer",
         "visible":true,
         "width":20,
         "x":0,
         "y":0
        }],
 "orientation":"orthogonal",
 "properties":
    {

    },
 "tileheight":50,
 "tilesets":[
        {
         "firstgid":1,
         "image":"bandit_spritesheet.png",
         "imageheight":1250,
         "imagewidth":900,
         "margin":0,
         "name":"bandit_spritesheet",
         "properties":
            {

            },
         "spacing":0,
         "tileheight":50,
         "tilewidth":50
        }],
 "tilewidth":50,
 "version":1,
 "width":20
}