{ "height":15,
 "layers":[
        {
         "data":[0, 0, 50, 0, 50, 0, 50, 50, 0, 0, 0, 50, 50, 0, 50, 0, 50, 50, 0, 0, 50, 242, 50, 50, 50, 50, 0, 0, 0, 50, 0, 0, 0, 50, 50, 50, 50, 50, 242, 50, 50, 0, 0, 0, 0, 50, 243, 256, 50, 50, 50, 50, 50, 50, 0, 0, 0, 0, 0, 50, 0, 0, 50, 50, 50, 50, 0, 0, 50, 50, 50, 50, 0, 50, 50, 213, 206, 205, 231, 50, 0, 0, 0, 50, 0, 0, 0, 50, 0, 0, 0, 50, 50, 50, 50, 0, 50, 50, 0, 50, 0, 0, 0, 50, 50, 50, 50, 50, 213, 205, 231, 50, 50, 50, 0, 0, 0, 0, 0, 0, 50, 0, 0, 50, 50, 50, 50, 50, 0, 0, 0, 0, 50, 50, 213, 242, 231, 50, 50, 50, 50, 0, 0, 0, 0, 0, 0, 50, 213, 205, 206, 231, 50, 0, 0, 0, 0, 50, 50, 0, 0, 0, 0, 50, 50, 50, 50, 50, 0, 0, 0, 0, 50, 50, 50, 50, 50, 0, 0, 0, 50, 213, 205, 206, 50, 0, 50, 50, 0, 0, 0, 0, 50, 50, 0, 50, 50, 213, 205, 231, 50, 0, 0, 0, 50, 50, 50, 50, 213, 242, 231, 50, 0, 0, 50, 50, 0, 0, 0, 0, 50, 213, 242, 231, 50, 0, 0, 0, 0, 0, 0, 0, 0, 50, 50, 50, 205, 50, 242, 231, 50, 0, 0, 0, 0, 0, 50, 213, 50, 205, 231, 50, 0, 0, 0, 50, 50, 50, 0, 0, 50, 50, 50, 50, 50, 50, 0, 0, 50, 0, 0, 0, 50, 50, 0, 0, 0, 50, 50, 50, 0, 0, 50, 50, 0, 50, 50, 50, 0, 50, 50, 50, 50, 50, 50, 50, 50, 50, 50, 0],
         "height":15,
         "name":"Blocks",
         "opacity":0.990000009536743,
         "type":"tilelayer",
         "visible":true,
         "width":20,
         "x":0,
         "y":0
        }, 
        {
         "data":[0, 0, 0, 0, 0, 0, 0, 0, 0, 0, 0, 0, 0, 0, 0, 0, 0, 0, 0, 0, 80, 0, 0, 0, 0, 0, 0, 0, 0, 80, 0, 0, 0, 0, 0, 0, 0, 0, 0, 80, 80, 0, 0, 0, 0, 0, 80, 0, 0, 80, 0, 0, 0, 0, 0, 0, 0, 0, 0, 80, 80, 0, 80, 0, 0, 0, 80, 0, 0, 80, 0, 0, 0, 0, 80, 0, 0, 0, 0, 80, 80, 0, 80, 0, 0, 0, 80, 0, 0, 80, 0, 0, 80, 0, 80, 0, 0, 0, 0, 80, 80, 0, 80, 0, 0, 0, 80, 0, 0, 0, 0, 0, 80, 0, 80, 0, 0, 0, 0, 80, 80, 0, 80, 0, 0, 0, 80, 0, 0, 0, 0, 0, 80, 0, 0, 0, 0, 80, 0, 0, 80, 0, 0, 0, 0, 0, 80, 0, 80, 0, 0, 80, 80, 0, 0, 0, 0, 80, 0, 0, 0, 0, 0, 80, 0, 0, 0, 0, 80, 0, 0, 80, 80, 0, 0, 80, 0, 80, 0, 0, 80, 0, 0, 80, 0, 0, 0, 0, 80, 0, 0, 80, 80, 0, 0, 80, 0, 0, 0, 0, 80, 0, 0, 80, 0, 80, 0, 0, 0, 0, 0, 80, 0, 0, 80, 80, 0, 0, 0, 0, 80, 0, 0, 0, 0, 0, 0, 0, 0, 0, 0, 80, 0, 0, 80, 80, 0, 80, 0, 0, 80, 0, 0, 0, 0, 0, 0, 0, 80, 0, 0, 80, 0, 0, 0, 80, 0, 80, 0, 0, 80, 0, 0, 0, 80, 0, 0, 0, 80, 0, 0, 80, 0, 0, 0, 80, 0, 80, 0, 80, 80, 0, 0, 0, 80, 0, 0, 0, 80, 0, 0, 80, 0, 0, 0, 0, 0, 80, 0, 80],
         "height":15,
         "name":"Ladders",
         "opacity":1,
         "type":"tilelayer",
         "visible":true,
         "width":20,
         "x":0,
         "y":0
        }, 
        {
         "data":[66, 0, 0, 0, 0, 0, 0, 0, 0, 86, 0, 0, 0, 0, 0, 0, 0, 0, 0, 66, 0, 0, 0, 0, 0, 0, 319, 319, 0, 0, 0, 66, 0, 0, 0, 0, 0, 0, 0, 0, 0, 0, 66, 0, 0, 0, 0, 0, 0, 0, 0, 0, 0, 0, 0, 0, 0, 0, 0, 0, 0, 0, 0, 0, 0, 0, 0, 0, 0, 0, 0, 0, 345, 0, 0, 0, 294, 294, 0, 0, 0, 0, 0, 0, 0, 0, 0, 0, 319, 0, 319, 0, 0, 0, 0, 0, 0, 0, 0, 0, 0, 0, 0, 0, 0, 0, 0, 0, 0, 0, 0, 0, 0, 0, 0, 0, 0, 0, 66, 0, 0, 0, 0, 0, 0, 0, 0, 0, 0, 0, 0, 0, 0, 0, 0, 0, 0, 0, 0, 0, 0, 0, 0, 319, 319, 319, 0, 0, 0, 0, 0, 0, 0, 0, 0, 0, 0, 0, 0, 0, 0, 0, 0, 0, 0, 0, 0, 0, 0, 0, 0, 0, 0, 0, 0, 0, 0, 0, 0, 0, 0, 0, 0, 0, 0, 345, 0, 0, 0, 0, 0, 0, 0, 0, 345, 0, 0, 0, 0, 0, 0, 0, 0, 0, 0, 0, 0, 0, 0, 0, 0, 0, 0, 0, 0, 0, 0, 0, 0, 0, 0, 0, 0, 0, 0, 0, 0, 0, 0, 0, 0, 0, 0, 0, 0, 0, 299, 0, 0, 0, 0, 393, 0, 0, 0, 0, 0, 0, 0, 0, 0, 0, 0, 0, 0, 0, 0, 0, 411, 0, 0, 0, 0, 0, 0, 0, 0, 0, 0, 0, 0, 0, 0, 0, 0, 0, 0, 0, 0, 0, 0, 379, 0, 66, 0, 0, 0, 0, 0, 0, 0, 0, 66, 0, 0, 0, 0, 0, 66, 0],
         "height":15,
         "name":"Back",
         "opacity":1,
         "type":"tilelayer",
         "visible":true,
         "width":20,
         "x":0,
         "y":0
        }, 
        {
         "data":[0, 0, 0, 0, 0, 0, 0, 0, 0, 0, 0, 0, 0, 0, 0, 0, 0, 0, 0, 0, 0, 0, 0, 0, 0, 0, 0, 0, 91, 0, 104, 0, 0, 0, 0, 0, 0, 0, 0, 0, 0, 0, 0, 0, 91, 0, 0, 0, 0, 0, 0, 0, 0, 0, 0, 74, 0, 0, 91, 0, 0, 0, 0, 0, 0, 0, 0, 0, 0, 0, 0, 0, 0, 0, 0, 0, 0, 0, 0, 0, 0, 0, 0, 0, 104, 0, 74, 0, 104, 0, 74, 0, 0, 0, 0, 0, 0, 0, 0, 0, 0, 0, 0, 0, 0, 0, 0, 0, 0, 0, 0, 0, 0, 0, 74, 0, 74, 0, 0, 91, 0, 0, 0, 0, 0, 0, 0, 0, 127, 74, 0, 0, 0, 0, 0, 0, 0, 0, 0, 0, 0, 0, 0, 127, 0, 74, 0, 0, 0, 0, 0, 0, 0, 0, 74, 0, 74, 0, 0, 0, 91, 0, 74, 0, 0, 0, 0, 0, 0, 0, 0, 0, 0, 0, 0, 0, 0, 127, 0, 104, 0, 0, 0, 0, 0, 0, 0, 0, 91, 0, 0, 74, 0, 0, 0, 0, 0, 0, 0, 0, 0, 0, 0, 74, 0, 0, 0, 0, 0, 0, 0, 0, 0, 0, 0, 0, 91, 74, 0, 74, 0, 0, 0, 0, 0, 0, 91, 0, 0, 74, 0, 74, 0, 0, 0, 0, 0, 0, 0, 0, 0, 0, 74, 0, 0, 74, 0, 0, 0, 0, 0, 0, 0, 104, 0, 0, 0, 0, 0, 0, 0, 0, 0, 0, 0, 0, 0, 104, 0, 0, 104, 0, 0, 0, 74, 0, 91, 0, 0, 0, 0, 0, 0, 0, 1, 0, 0, 0, 0, 0, 0, 0, 0, 0, 0, 0, 0, 0, 0, 19],
         "height":15,
         "name":"Cast",
         "opacity":1,
         "type":"tilelayer",
         "visible":true,
         "width":20,
         "x":0,
         "y":0
        }, 
        {
         "data":[117, 67, 0, 89, 0, 89, 0, 0, 67, 67, 67, 0, 0, 89, 0, 89, 0, 0, 67, 117, 67, 0, 0, 0, 0, 0, 67, 67, 67, 67, 67, 67, 67, 0, 0, 0, 0, 0, 0, 67, 67, 67, 67, 67, 67, 0, 67, 0, 0, 67, 0, 0, 0, 0, 67, 67, 67, 67, 67, 67, 67, 67, 67, 0, 0, 0, 67, 117, 0, 67, 0, 0, 0, 0, 67, 0, 0, 0, 0, 67, 67, 67, 67, 0, 67, 67, 67, 0, 67, 67, 67, 0, 0, 0, 67, 0, 0, 0, 0, 67, 67, 67, 67, 0, 0, 0, 67, 0, 0, 0, 0, 0, 0, 0, 67, 67, 67, 67, 67, 67, 67, 67, 67, 0, 0, 0, 67, 0, 67, 67, 67, 67, 0, 0, 0, 0, 0, 67, 0, 0, 67, 67, 67, 67, 67, 67, 67, 0, 67, 0, 0, 67, 0, 67, 67, 67, 67, 67, 0, 67, 67, 67, 67, 67, 0, 0, 0, 0, 67, 67, 67, 67, 0, 0, 0, 67, 0, 67, 67, 67, 67, 0, 0, 67, 0, 0, 0, 0, 67, 67, 67, 67, 0, 0, 0, 67, 0, 0, 0, 0, 67, 67, 67, 67, 0, 0, 0, 0, 0, 0, 0, 0, 67, 67, 0, 67, 67, 67, 67, 67, 67, 0, 0, 0, 0, 67, 67, 67, 67, 67, 67, 67, 67, 0, 0, 67, 0, 67, 0, 0, 67, 67, 67, 67, 67, 67, 0, 0, 67, 0, 0, 67, 67, 67, 67, 67, 0, 67, 67, 67, 67, 0, 0, 0, 67, 0, 67, 67, 67, 67, 67, 67, 0, 0, 67, 67, 67, 67, 0, 67, 67, 67, 0, 0, 0, 0, 0, 0, 67, 0, 0, 67, 0, 0, 0, 0, 0, 67, 0, 0],
         "height":15,
         "name":"Coins",
         "opacity":1,
         "type":"tilelayer",
         "visible":true,
         "width":20,
         "x":0,
         "y":0
        }, 
        {
         "data":[298, 300, 0, 294, 0, 294, 0, 0, 0, 0, 0, 0, 0, 294, 0, 294, 0, 0, 300, 334, 0, 0, 0, 0, 0, 0, 300, 300, 334, 0, 0, 0, 0, 0, 0, 0, 0, 0, 0, 0, 0, 0, 0, 319, 319, 0, 0, 0, 0, 0, 0, 0, 0, 0, 298, 300, 300, 300, 300, 0, 0, 0, 0, 0, 0, 0, 0, 0, 0, 0, 0, 0, 0, 0, 0, 0, 299, 299, 0, 0, 0, 0, 0, 0, 0, 0, 0, 0, 300, 300, 300, 0, 0, 0, 0, 0, 0, 0, 0, 0, 0, 0, 0, 0, 0, 0, 0, 0, 0, 0, 0, 0, 0, 0, 300, 300, 300, 334, 0, 0, 0, 0, 0, 0, 0, 0, 0, 0, 300, 300, 300, 300, 0, 0, 0, 0, 0, 0, 0, 0, 0, 0, 0, 0, 0, 0, 0, 0, 0, 0, 0, 0, 0, 0, 0, 0, 0, 0, 0, 0, 298, 300, 300, 0, 0, 0, 0, 0, 0, 0, 0, 0, 0, 0, 0, 0, 0, 300, 300, 300, 0, 0, 0, 0, 0, 0, 0, 0, 300, 300, 300, 334, 0, 0, 0, 0, 0, 0, 0, 0, 0, 300, 300, 300, 0, 0, 0, 0, 0, 0, 0, 0, 0, 0, 0, 0, 300, 300, 300, 300, 0, 0, 0, 0, 0, 0, 298, 300, 300, 300, 300, 334, 0, 0, 0, 0, 299, 0, 0, 0, 0, 0, 0, 0, 0, 0, 0, 0, 0, 0, 0, 0, 0, 0, 0, 0, 0, 0, 0, 0, 0, 0, 0, 0, 0, 0, 0, 0, 0, 0, 0, 0, 0, 0, 0, 0, 0, 0, 0, 0, 183, 319, 0, 0, 182, 0, 0, 0, 183, 0, 0, 183, 0, 0, 0, 0, 0, 183, 0, 182],
         "height":15,
         "name":"Front",
         "opacity":1,
         "type":"tilelayer",
         "visible":true,
         "width":20,
         "x":0,
         "y":0
        }, 
        {
         "data":[0, 0, 69, 0, 69, 0, 0, 0, 0, 0, 0, 0, 0, 0, 69, 0, 69, 69, 0, 0, 0, 0, 0, 0, 0, 0, 0, 0, 0, 0, 0, 0, 0, 0, 0, 0, 0, 0, 0, 0, 0, 0, 0, 0, 0, 0, 0, 0, 0, 0, 0, 0, 0, 0, 0, 0, 0, 0, 0, 0, 0, 0, 0, 0, 0, 0, 0, 0, 0, 0, 0, 0, 58, 0, 0, 0, 0, 0, 0, 0, 0, 0, 0, 0, 0, 0, 0, 0, 0, 0, 0, 0, 0, 0, 0, 58, 0, 0, 58, 0, 0, 0, 0, 0, 0, 0, 0, 0, 0, 0, 0, 0, 0, 0, 0, 0, 0, 0, 0, 0, 0, 0, 0, 0, 0, 0, 0, 0, 0, 0, 0, 0, 0, 0, 0, 0, 0, 0, 0, 0, 0, 0, 0, 0, 0, 0, 0, 0, 0, 0, 0, 0, 0, 0, 0, 0, 0, 0, 0, 0, 0, 0, 0, 0, 0, 0, 0, 0, 0, 0, 0, 0, 0, 0, 0, 0, 0, 0, 0, 0, 0, 0, 0, 0, 0, 58, 0, 0, 0, 0, 0, 0, 0, 0, 58, 0, 0, 0, 0, 0, 0, 0, 0, 0, 0, 0, 0, 0, 0, 0, 0, 0, 0, 0, 0, 0, 0, 0, 0, 0, 0, 0, 0, 0, 0, 0, 0, 0, 0, 0, 0, 0, 0, 0, 0, 0, 0, 0, 0, 0, 0, 0, 0, 0, 0, 0, 0, 0, 0, 0, 0, 0, 0, 0, 0, 0, 0, 0, 0, 0, 0, 0, 0, 0, 0, 0, 0, 0, 0, 0, 0, 0, 0, 0, 0, 0, 0, 0, 0, 0, 0, 0, 58, 0, 0, 0, 0, 0, 58, 0, 0, 0, 0, 0, 0, 0, 0, 0, 0, 0],
         "height":15,
         "name":"Bombs",
         "opacity":1,
         "type":"tilelayer",
         "visible":true,
         "width":20,
         "x":0,
         "y":0
        }],
 "orientation":"orthogonal",
 "properties":
    {

    },
 "tileheight":50,
 "tilesets":[
        {
         "firstgid":1,
         "image":"bandit_spritesheet.png",
         "imageheight":1250,
         "imagewidth":900,
         "margin":0,
         "name":"bandit_spritesheet",
         "properties":
            {

            },
         "spacing":0,
         "tileheight":50,
         "tilewidth":50
        }],
 "tilewidth":50,
 "version":1,
 "width":20
}