{ "height":15,
 "layers":[
        {
         "data":[0, 0, 0, 0, 0, 52, 0, 0, 0, 0, 0, 0, 0, 0, 0, 0, 0, 52, 52, 0, 52, 253, 303, 254, 52, 52, 52, 52, 52, 52, 52, 52, 52, 0, 52, 253, 240, 52, 52, 52, 0, 0, 0, 0, 0, 0, 0, 0, 52, 0, 52, 52, 0, 0, 0, 0, 0, 52, 52, 0, 52, 52, 52, 52, 52, 0, 52, 0, 0, 0, 0, 0, 0, 0, 0, 0, 52, 52, 52, 52, 0, 0, 0, 0, 52, 0, 52, 52, 253, 239, 254, 52, 253, 254, 52, 0, 52, 0, 0, 0, 52, 52, 52, 0, 0, 0, 0, 0, 0, 0, 0, 52, 0, 0, 0, 0, 0, 52, 52, 52, 52, 52, 52, 253, 240, 303, 254, 52, 0, 0, 52, 52, 52, 52, 52, 52, 0, 52, 0, 0, 0, 0, 0, 0, 0, 0, 0, 0, 0, 0, 0, 0, 0, 52, 0, 0, 0, 0, 0, 52, 52, 253, 239, 240, 254, 52, 0, 52, 52, 52, 52, 52, 0, 52, 253, 240, 303, 240, 254, 52, 0, 0, 0, 0, 0, 0, 0, 0, 52, 0, 0, 0, 0, 0, 0, 0, 0, 0, 52, 52, 52, 52, 52, 52, 0, 52, 0, 0, 52, 52, 52, 52, 52, 52, 52, 0, 0, 0, 0, 52, 0, 0, 0, 52, 0, 0, 0, 0, 52, 52, 0, 0, 52, 52, 52, 52, 253, 239, 254, 52, 52, 52, 52, 52, 52, 253, 240, 254, 52, 0, 0, 0, 52, 52, 0, 0, 0, 0, 0, 0, 52, 52, 0, 0, 0, 0, 0, 0, 52, 0, 0, 0, 0, 52, 52, 52, 52, 52, 52, 52, 0, 0, 0, 52, 52, 52, 52, 0, 0, 0, 52, 52, 52, 52, 52, 52, 52, 52, 0, 0],
         "height":15,
         "name":"Blocks",
         "opacity":1,
         "type":"tilelayer",
         "visible":true,
         "width":20,
         "x":0,
         "y":0
        }, 
        {
         "data":[0, 0, 0, 0, 0, 0, 0, 0, 0, 0, 0, 0, 0, 0, 0, 0, 0, 0, 0, 0, 81, 0, 0, 0, 0, 0, 0, 0, 81, 0, 0, 0, 0, 0, 81, 0, 0, 0, 0, 0, 81, 0, 0, 0, 0, 0, 0, 0, 81, 0, 0, 0, 0, 0, 81, 0, 0, 0, 0, 0, 0, 0, 0, 0, 81, 0, 0, 0, 81, 0, 0, 0, 0, 0, 81, 0, 0, 0, 0, 81, 0, 0, 0, 0, 81, 0, 0, 0, 0, 0, 0, 81, 0, 0, 0, 0, 0, 0, 0, 0, 0, 0, 0, 0, 81, 0, 0, 0, 0, 0, 0, 81, 0, 0, 0, 0, 0, 0, 0, 0, 0, 0, 0, 0, 0, 0, 0, 0, 0, 0, 0, 81, 0, 0, 0, 0, 0, 0, 0, 0, 0, 0, 0, 0, 0, 0, 0, 0, 0, 0, 0, 81, 0, 0, 0, 0, 0, 0, 0, 0, 0, 0, 0, 0, 0, 0, 0, 81, 0, 0, 0, 0, 0, 0, 0, 0, 0, 0, 81, 0, 0, 0, 0, 0, 0, 0, 0, 81, 0, 0, 0, 0, 0, 0, 0, 0, 0, 0, 81, 0, 0, 0, 0, 0, 0, 0, 0, 81, 0, 0, 0, 0, 0, 0, 81, 0, 0, 0, 81, 0, 0, 0, 0, 0, 0, 0, 0, 81, 0, 0, 0, 0, 0, 0, 81, 0, 0, 0, 0, 0, 0, 0, 81, 0, 0, 0, 0, 81, 0, 0, 0, 0, 0, 0, 81, 0, 0, 0, 0, 0, 0, 0, 81, 0, 0, 0, 0, 81, 0, 0, 0, 0, 0, 0, 0, 0, 0, 0, 0, 81, 0, 0, 81, 0, 0, 0, 0, 81, 0, 0, 0, 0, 0, 0, 0, 0, 0, 0, 0, 81],
         "height":15,
         "name":"Ladders",
         "opacity":1,
         "type":"tilelayer",
         "visible":true,
         "width":20,
         "x":0,
         "y":0
        }, 
        {
         "data":[0, 0, 0, 0, 0, 0, 0, 0, 0, 150, 0, 0, 150, 0, 0, 0, 0, 0, 0, 0, 0, 0, 0, 0, 0, 0, 0, 0, 0, 0, 0, 0, 0, 0, 0, 0, 0, 0, 0, 0, 0, 0, 0, 0, 0, 0, 125, 0, 0, 0, 0, 0, 0, 0, 0, 0, 0, 0, 0, 320, 0, 0, 0, 0, 0, 0, 0, 0, 0, 0, 320, 320, 0, 0, 0, 0, 0, 0, 0, 0, 320, 320, 320, 0, 0, 0, 0, 0, 0, 0, 0, 0, 0, 0, 0, 0, 0, 320, 320, 320, 0, 0, 0, 0, 0, 0, 0, 0, 0, 0, 0, 0, 0, 0, 0, 0, 0, 0, 0, 0, 0, 0, 0, 0, 0, 0, 0, 0, 0, 0, 0, 0, 0, 0, 0, 0, 0, 0, 0, 125, 320, 320, 320, 0, 0, 0, 0, 0, 0, 0, 320, 0, 0, 0, 320, 320, 0, 0, 0, 0, 0, 0, 0, 0, 0, 0, 0, 0, 0, 0, 0, 0, 0, 0, 0, 0, 0, 0, 0, 0, 0, 0, 0, 0, 0, 150, 0, 0, 0, 150, 320, 320, 0, 150, 0, 0, 0, 0, 0, 0, 0, 0, 0, 0, 0, 0, 0, 0, 0, 0, 0, 0, 0, 0, 0, 0, 0, 0, 0, 0, 320, 320, 320, 0, 0, 0, 0, 0, 0, 0, 0, 0, 0, 0, 0, 0, 0, 0, 0, 0, 0, 0, 0, 0, 0, 0, 0, 0, 0, 0, 0, 0, 0, 0, 0, 320, 0, 0, 0, 320, 0, 0, 0, 0, 0, 0, 0, 0, 0, 0, 0, 0, 0, 0, 0, 0, 0, 0, 0, 0, 0, 150, 0, 0, 0, 0, 0, 0, 0, 150, 0, 0, 0, 0, 0, 0, 0, 0, 0, 0],
         "height":15,
         "name":"Back",
         "opacity":1,
         "type":"tilelayer",
         "visible":true,
         "width":20,
         "x":0,
         "y":0
        }, 
        {
         "data":[0, 0, 0, 74, 0, 0, 91, 0, 74, 0, 0, 74, 0, 0, 74, 0, 91, 0, 0, 0, 0, 0, 0, 0, 0, 0, 0, 0, 0, 0, 0, 0, 0, 0, 0, 0, 0, 0, 0, 0, 74, 0, 0, 0, 0, 0, 0, 0, 0, 0, 0, 0, 0, 0, 0, 0, 0, 0, 0, 0, 0, 0, 0, 0, 0, 0, 0, 0, 0, 0, 0, 0, 74, 0, 0, 0, 0, 0, 0, 0, 104, 0, 0, 0, 0, 0, 0, 0, 0, 0, 0, 0, 0, 0, 0, 0, 0, 0, 0, 0, 0, 0, 0, 0, 0, 0, 0, 74, 0, 0, 0, 0, 0, 0, 74, 0, 0, 0, 0, 0, 0, 0, 0, 0, 0, 0, 0, 0, 0, 0, 0, 0, 0, 0, 0, 0, 0, 0, 0, 0, 74, 0, 0, 0, 0, 0, 0, 0, 0, 91, 0, 0, 0, 0, 0, 0, 74, 0, 0, 0, 0, 0, 0, 0, 0, 0, 0, 0, 0, 0, 0, 0, 0, 0, 0, 0, 0, 0, 0, 0, 0, 0, 74, 0, 0, 0, 0, 0, 0, 0, 0, 74, 0, 0, 0, 0, 0, 0, 0, 0, 0, 0, 0, 0, 0, 0, 0, 0, 0, 0, 0, 0, 0, 0, 0, 0, 0, 0, 104, 0, 0, 0, 104, 0, 0, 74, 0, 0, 0, 0, 0, 0, 0, 0, 0, 0, 0, 0, 0, 0, 0, 0, 0, 0, 0, 0, 0, 0, 0, 0, 0, 0, 0, 0, 0, 74, 0, 0, 0, 0, 0, 0, 0, 0, 74, 0, 0, 0, 0, 0, 0, 74, 0, 0, 0, 0, 0, 0, 0, 0, 1, 0, 0, 0, 0, 0, 0, 0, 0, 0, 0, 0, 0, 0, 0, 0, 0, 0, 19, 0],
         "height":15,
         "name":"Cast",
         "opacity":1,
         "type":"tilelayer",
         "visible":true,
         "width":20,
         "x":0,
         "y":0
        }, 
        {
         "data":[67, 67, 67, 67, 0, 0, 67, 67, 67, 67, 67, 67, 67, 67, 67, 67, 67, 0, 0, 67, 67, 0, 0, 0, 67, 0, 67, 0, 67, 67, 0, 0, 0, 67, 67, 0, 0, 0, 0, 0, 67, 67, 67, 67, 67, 67, 117, 67, 67, 67, 0, 0, 67, 67, 67, 67, 0, 0, 0, 89, 0, 0, 0, 0, 67, 67, 0, 67, 67, 67, 67, 67, 67, 67, 67, 67, 0, 0, 0, 0, 67, 67, 67, 67, 67, 67, 0, 0, 0, 0, 0, 67, 0, 0, 0, 67, 0, 67, 67, 67, 0, 0, 0, 67, 67, 67, 67, 67, 67, 67, 67, 67, 67, 67, 67, 67, 67, 0, 0, 67, 0, 0, 0, 0, 0, 0, 0, 0, 67, 67, 0, 67, 0, 0, 0, 0, 67, 0, 67, 117, 67, 67, 67, 67, 67, 67, 67, 67, 67, 67, 67, 67, 67, 0, 67, 67, 67, 67, 67, 0, 0, 0, 0, 0, 0, 0, 67, 67, 0, 0, 0, 0, 67, 0, 0, 0, 0, 0, 67, 0, 67, 67, 67, 67, 67, 117, 67, 67, 0, 67, 67, 67, 67, 67, 67, 67, 67, 67, 67, 0, 0, 0, 0, 0, 67, 0, 67, 67, 0, 0, 0, 0, 0, 0, 67, 67, 67, 67, 67, 0, 67, 67, 67, 0, 67, 67, 67, 67, 0, 0, 67, 67, 0, 0, 67, 0, 0, 0, 0, 0, 0, 0, 67, 0, 0, 0, 0, 67, 0, 67, 67, 67, 0, 0, 67, 67, 67, 67, 67, 67, 0, 0, 67, 67, 67, 67, 67, 67, 0, 67, 67, 67, 67, 0, 0, 0, 0, 0, 0, 67, 0, 67, 67, 0, 0, 0, 0, 67, 67, 67, 0, 0, 0, 0, 0, 0, 0, 0, 0, 67],
         "height":15,
         "name":"Coins",
         "opacity":1,
         "type":"tilelayer",
         "visible":true,
         "width":20,
         "x":0,
         "y":0
        }, 
        {
         "data":[295, 273, 273, 273, 333, 0, 0, 377, 0, 0, 88, 0, 0, 0, 295, 273, 273, 0, 0, 184, 0, 0, 0, 0, 0, 0, 0, 0, 0, 0, 0, 0, 0, 0, 0, 0, 0, 0, 0, 0, 0, 0, 0, 0, 0, 0, 0, 0, 0, 0, 0, 0, 0, 0, 0, 0, 0, 0, 0, 183, 0, 0, 0, 0, 0, 0, 0, 295, 273, 273, 273, 273, 273, 273, 333, 0, 0, 0, 0, 0, 183, 182, 183, 0, 0, 0, 0, 0, 0, 0, 0, 0, 0, 0, 0, 0, 0, 183, 184, 440, 0, 0, 0, 273, 273, 273, 273, 333, 0, 0, 0, 0, 183, 184, 184, 184, 0, 0, 0, 0, 0, 0, 0, 0, 0, 0, 0, 0, 0, 0, 0, 0, 0, 0, 0, 0, 0, 0, 0, 0, 295, 273, 273, 273, 273, 333, 0, 183, 183, 183, 183, 183, 0, 0, 273, 273, 273, 273, 273, 0, 0, 0, 0, 0, 0, 0, 0, 0, 0, 0, 0, 0, 0, 0, 0, 0, 0, 0, 0, 0, 185, 183, 184, 183, 0, 0, 0, 0, 0, 0, 0, 0, 88, 0, 0, 0, 0, 0, 0, 0, 0, 0, 0, 0, 0, 0, 0, 0, 0, 0, 0, 0, 0, 0, 0, 295, 273, 273, 273, 0, 397, 0, 0, 0, 295, 273, 273, 273, 0, 0, 0, 0, 0, 0, 0, 0, 0, 0, 0, 0, 0, 0, 0, 0, 0, 0, 0, 0, 0, 0, 0, 0, 0, 0, 184, 186, 184, 183, 184, 0, 0, 0, 0, 184, 183, 184, 183, 0, 0, 0, 0, 0, 0, 0, 0, 0, 0, 0, 0, 0, 0, 0, 0, 0, 0, 0, 0, 0, 88, 0, 0, 0, 0, 0, 0, 0, 0, 0, 0, 0],
         "height":15,
         "name":"Front",
         "opacity":1,
         "type":"tilelayer",
         "visible":true,
         "width":20,
         "x":0,
         "y":0
        }, 
        {
         "data":[0, 0, 0, 0, 58, 0, 0, 0, 0, 0, 0, 0, 0, 0, 0, 0, 0, 69, 69, 0, 0, 0, 0, 0, 0, 0, 0, 0, 0, 0, 0, 0, 0, 0, 0, 0, 0, 0, 0, 0, 0, 0, 0, 0, 0, 0, 0, 0, 0, 0, 0, 0, 0, 0, 0, 0, 58, 69, 69, 0, 0, 0, 0, 0, 0, 0, 0, 0, 0, 0, 0, 0, 0, 0, 0, 0, 0, 0, 0, 0, 0, 0, 0, 0, 0, 0, 0, 0, 0, 0, 0, 0, 0, 0, 0, 0, 0, 0, 0, 0, 0, 0, 0, 0, 0, 0, 0, 0, 0, 0, 0, 0, 0, 0, 0, 0, 0, 0, 0, 0, 0, 0, 0, 0, 0, 0, 0, 0, 0, 0, 0, 0, 0, 0, 0, 0, 0, 0, 0, 0, 0, 0, 0, 0, 0, 0, 0, 0, 0, 0, 0, 0, 0, 0, 0, 0, 0, 0, 0, 0, 0, 0, 0, 0, 0, 0, 0, 0, 0, 0, 0, 0, 0, 0, 0, 0, 0, 0, 0, 0, 0, 0, 0, 0, 0, 0, 0, 0, 0, 0, 0, 0, 0, 0, 0, 0, 0, 0, 0, 0, 0, 0, 0, 0, 0, 0, 0, 0, 0, 0, 0, 0, 0, 0, 0, 0, 0, 0, 0, 0, 0, 0, 0, 0, 0, 0, 0, 0, 0, 58, 0, 0, 0, 0, 0, 0, 0, 0, 0, 0, 0, 0, 0, 0, 0, 0, 0, 0, 0, 0, 0, 0, 0, 0, 0, 0, 0, 0, 0, 0, 0, 0, 0, 0, 0, 0, 0, 0, 0, 0, 0, 0, 0, 0, 0, 0, 0, 0, 0, 0, 0, 0, 0, 0, 0, 0, 0, 0, 0, 0, 0, 0, 0, 0, 0, 0, 0, 0, 0, 0],
         "height":15,
         "name":"bomb",
         "opacity":1,
         "type":"tilelayer",
         "visible":true,
         "width":20,
         "x":0,
         "y":0
        }],
 "orientation":"orthogonal",
 "properties":
    {

    },
 "tileheight":50,
 "tilesets":[
        {
         "firstgid":1,
         "image":"bandit_spritesheet.png",
         "imageheight":1250,
         "imagewidth":900,
         "margin":0,
         "name":"bandit_spritesheet",
         "properties":
            {

            },
         "spacing":0,
         "tileheight":50,
         "tilewidth":50
        }],
 "tilewidth":50,
 "version":1,
 "width":20
}