{ "height":15,
 "layers":[
        {
         "data":[0, 0, 0, 42, 0, 42, 0, 0, 0, 0, 0, 0, 42, 0, 42, 0, 0, 0, 0, 0, 42, 42, 42, 42, 42, 42, 42, 42, 42, 42, 42, 42, 42, 42, 42, 42, 42, 42, 42, 42, 0, 42, 0, 0, 0, 0, 0, 42, 0, 42, 42, 0, 0, 0, 0, 0, 42, 42, 0, 42, 42, 42, 249, 222, 222, 250, 42, 42, 42, 42, 42, 42, 42, 42, 42, 42, 42, 42, 42, 42, 0, 0, 0, 0, 0, 0, 42, 0, 0, 0, 0, 0, 42, 0, 0, 0, 0, 0, 0, 0, 249, 222, 222, 250, 42, 42, 42, 249, 222, 222, 222, 250, 42, 42, 42, 0, 0, 42, 42, 42, 0, 0, 0, 0, 42, 0, 0, 0, 0, 0, 0, 0, 0, 42, 42, 42, 42, 42, 42, 42, 42, 42, 42, 42, 42, 249, 222, 222, 250, 42, 249, 222, 250, 42, 42, 42, 0, 0, 0, 0, 42, 42, 42, 0, 0, 0, 0, 0, 0, 42, 0, 0, 0, 0, 0, 0, 42, 42, 42, 42, 0, 0, 42, 0, 0, 42, 42, 42, 42, 42, 42, 42, 42, 42, 42, 42, 42, 42, 42, 42, 42, 42, 42, 42, 42, 0, 0, 42, 0, 0, 0, 42, 0, 0, 0, 0, 0, 0, 0, 0, 0, 0, 0, 0, 42, 42, 42, 42, 42, 42, 42, 42, 42, 42, 249, 222, 222, 222, 250, 42, 42, 42, 42, 42, 42, 42, 42, 42, 0, 0, 0, 0, 0, 42, 0, 0, 0, 0, 0, 0, 42, 0, 42, 42, 42, 42, 0, 0, 0, 0, 42, 42, 42, 42, 42, 42, 249, 222, 250, 42, 42, 0, 0, 0, 0, 0, 0, 42, 42, 42, 42, 0, 0, 0, 0, 42, 0, 0, 0, 0],
         "height":15,
         "name":"Blocks",
         "opacity":1,
         "type":"tilelayer",
         "visible":true,
         "width":20,
         "x":0,
         "y":0
        }, 
        {
         "data":[0, 0, 0, 0, 0, 0, 0, 0, 0, 0, 0, 0, 0, 0, 0, 0, 0, 0, 0, 0, 81, 0, 0, 0, 0, 0, 0, 0, 0, 0, 81, 0, 0, 0, 0, 81, 0, 0, 0, 0, 81, 0, 0, 0, 0, 0, 0, 0, 0, 0, 81, 0, 0, 0, 0, 81, 0, 0, 0, 0, 81, 0, 0, 0, 0, 0, 0, 0, 81, 0, 81, 0, 0, 0, 0, 81, 0, 0, 81, 0, 81, 0, 0, 0, 0, 0, 0, 0, 0, 0, 81, 0, 0, 0, 0, 81, 0, 0, 0, 0, 0, 0, 0, 0, 0, 0, 0, 0, 0, 0, 0, 0, 0, 81, 0, 81, 0, 0, 0, 0, 0, 0, 0, 0, 0, 0, 0, 0, 0, 0, 0, 0, 0, 81, 0, 0, 0, 0, 0, 0, 0, 0, 81, 0, 0, 0, 0, 0, 0, 0, 0, 0, 0, 81, 0, 0, 0, 0, 0, 0, 0, 0, 81, 0, 0, 0, 0, 0, 0, 0, 0, 0, 0, 81, 0, 0, 0, 0, 0, 81, 0, 0, 81, 0, 0, 0, 0, 0, 0, 0, 81, 0, 0, 0, 0, 0, 0, 0, 0, 81, 0, 0, 81, 0, 0, 0, 0, 0, 0, 0, 81, 0, 0, 0, 0, 0, 0, 0, 0, 81, 0, 0, 81, 0, 0, 0, 81, 0, 81, 0, 0, 0, 0, 81, 0, 0, 0, 0, 0, 81, 0, 81, 0, 0, 0, 0, 81, 0, 81, 0, 0, 0, 0, 81, 0, 0, 0, 0, 0, 81, 0, 81, 0, 0, 0, 0, 81, 0, 81, 0, 0, 0, 0, 81, 0, 0, 0, 0, 0, 81, 0, 81, 0, 0, 0, 0, 81, 0, 0, 0, 0, 0, 0, 81, 0, 0, 0, 0, 0, 81],
         "height":15,
         "name":"Ladders",
         "opacity":1,
         "type":"tilelayer",
         "visible":true,
         "width":20,
         "x":0,
         "y":0
        }, 
        {
         "data":[352, 0, 0, 0, 0, 0, 0, 0, 0, 0, 352, 0, 0, 0, 0, 0, 0, 352, 0, 0, 0, 0, 0, 0, 0, 0, 0, 0, 0, 0, 0, 0, 0, 0, 0, 0, 0, 0, 0, 0, 0, 0, 0, 0, 0, 0, 0, 0, 368, 0, 0, 0, 0, 0, 0, 0, 0, 0, 0, 0, 0, 0, 0, 0, 0, 0, 0, 0, 0, 0, 0, 0, 0, 0, 0, 0, 0, 0, 0, 0, 0, 0, 0, 0, 0, 0, 0, 0, 0, 0, 0, 0, 0, 0, 0, 0, 0, 0, 0, 0, 0, 0, 0, 0, 0, 0, 0, 0, 0, 0, 0, 0, 0, 0, 0, 0, 0, 0, 0, 0, 0, 0, 0, 0, 0, 0, 0, 0, 0, 0, 0, 0, 0, 0, 0, 0, 0, 0, 0, 0, 0, 0, 0, 0, 0, 0, 0, 0, 0, 0, 0, 0, 0, 0, 0, 0, 0, 0, 0, 0, 0, 0, 0, 0, 0, 0, 0, 0, 0, 0, 0, 0, 0, 0, 0, 0, 0, 0, 0, 0, 0, 0, 0, 0, 0, 0, 0, 0, 0, 0, 0, 0, 0, 0, 0, 0, 0, 0, 0, 0, 0, 0, 0, 0, 0, 0, 0, 0, 0, 0, 0, 0, 0, 0, 0, 0, 0, 0, 0, 0, 0, 0, 0, 0, 0, 0, 0, 0, 0, 0, 0, 0, 0, 0, 0, 0, 0, 0, 0, 0, 0, 0, 0, 0, 0, 0, 0, 0, 0, 0, 0, 0, 0, 0, 0, 0, 0, 0, 0, 0, 0, 0, 0, 0, 0, 0, 0, 0, 0, 0, 0, 0, 0, 0, 0, 0, 0, 0, 0, 0, 0, 0, 124, 149, 124, 149, 0, 0, 0, 0, 0, 149, 124, 0, 149, 0, 149, 124, 149, 0],
         "height":15,
         "name":"Back",
         "opacity":1,
         "type":"tilelayer",
         "visible":true,
         "width":20,
         "x":0,
         "y":0
        }, 
        {
         "data":[0, 0, 74, 0, 0, 0, 0, 0, 91, 0, 74, 0, 0, 0, 0, 0, 0, 74, 91, 74, 0, 0, 0, 0, 0, 0, 0, 0, 0, 0, 0, 0, 0, 0, 0, 0, 0, 0, 0, 0, 0, 0, 0, 0, 0, 74, 0, 0, 0, 0, 0, 0, 0, 0, 74, 0, 0, 0, 0, 0, 0, 0, 0, 0, 0, 0, 0, 0, 0, 0, 0, 0, 0, 0, 0, 0, 0, 0, 0, 0, 0, 0, 0, 74, 0, 91, 0, 0, 0, 0, 74, 74, 0, 0, 91, 0, 0, 0, 0, 104, 0, 0, 0, 0, 0, 0, 0, 0, 0, 0, 0, 0, 0, 0, 0, 0, 104, 0, 0, 0, 0, 0, 74, 91, 0, 74, 0, 0, 0, 74, 104, 0, 0, 0, 0, 0, 0, 0, 0, 0, 0, 0, 0, 0, 0, 0, 0, 0, 0, 0, 0, 0, 0, 0, 0, 0, 0, 0, 74, 0, 0, 0, 0, 0, 0, 91, 0, 74, 0, 0, 91, 0, 74, 0, 0, 74, 0, 0, 0, 0, 0, 104, 0, 0, 0, 0, 0, 0, 0, 0, 0, 0, 0, 0, 0, 0, 0, 0, 0, 0, 0, 0, 0, 0, 0, 104, 0, 0, 0, 0, 104, 0, 0, 91, 0, 74, 0, 0, 74, 0, 0, 0, 74, 91, 0, 0, 0, 0, 0, 0, 0, 0, 0, 0, 0, 0, 0, 0, 0, 0, 0, 0, 0, 0, 0, 0, 0, 0, 0, 0, 0, 0, 74, 0, 91, 74, 0, 0, 0, 0, 0, 0, 0, 0, 0, 0, 0, 0, 74, 0, 0, 0, 0, 0, 0, 0, 0, 0, 0, 0, 0, 0, 0, 0, 0, 1, 0, 0, 0, 0, 0, 19, 0, 0, 0, 0, 0, 0, 0, 0],
         "height":15,
         "name":"Cast",
         "opacity":1,
         "type":"tilelayer",
         "visible":true,
         "width":20,
         "x":0,
         "y":0
        }, 
        {
         "data":[67, 67, 67, 0, 89, 0, 117, 67, 67, 67, 67, 67, 0, 89, 0, 67, 67, 67, 67, 117, 67, 0, 0, 0, 0, 0, 0, 0, 0, 0, 67, 0, 0, 0, 0, 0, 0, 0, 0, 0, 67, 0, 67, 67, 67, 67, 67, 0, 0, 0, 67, 67, 67, 67, 67, 67, 0, 0, 0, 0, 67, 0, 0, 0, 0, 0, 0, 0, 0, 0, 67, 0, 0, 0, 0, 67, 0, 0, 0, 0, 67, 67, 67, 67, 67, 67, 0, 67, 67, 67, 67, 67, 0, 67, 67, 67, 67, 67, 67, 67, 0, 0, 0, 0, 0, 67, 0, 0, 0, 0, 0, 0, 0, 67, 0, 67, 67, 0, 0, 0, 67, 67, 67, 67, 0, 67, 67, 67, 67, 67, 67, 67, 67, 67, 0, 0, 0, 0, 0, 0, 0, 0, 67, 0, 0, 0, 0, 0, 0, 0, 0, 0, 0, 67, 0, 0, 67, 67, 67, 67, 0, 0, 67, 67, 67, 67, 67, 67, 67, 0, 67, 67, 67, 67, 67, 67, 67, 0, 0, 67, 67, 67, 67, 67, 67, 0, 0, 0, 0, 0, 67, 0, 0, 0, 0, 0, 0, 0, 0, 67, 0, 0, 67, 0, 0, 67, 67, 0, 67, 67, 67, 0, 67, 67, 67, 67, 67, 67, 67, 67, 67, 67, 67, 67, 67, 67, 67, 0, 67, 0, 0, 0, 0, 67, 0, 0, 0, 0, 0, 67, 0, 67, 0, 0, 0, 0, 67, 0, 67, 67, 67, 67, 67, 67, 67, 67, 67, 67, 67, 67, 0, 67, 0, 0, 0, 0, 67, 67, 67, 67, 0, 0, 0, 67, 0, 0, 0, 0, 0, 67, 0, 67, 67, 67, 67, 0, 67, 0, 0, 0, 0, 0, 67, 67, 67, 0, 67, 67, 67, 67],
         "height":15,
         "name":"Coins",
         "opacity":1,
         "type":"tilelayer",
         "visible":true,
         "width":20,
         "x":0,
         "y":0
        }, 
        {
         "data":[0, 356, 370, 0, 350, 0, 0, 370, 369, 0, 0, 0, 0, 350, 0, 0, 0, 0, 375, 0, 0, 0, 0, 0, 0, 0, 0, 0, 0, 0, 0, 0, 0, 0, 0, 0, 0, 0, 0, 0, 0, 0, 283, 283, 283, 283, 337, 0, 0, 0, 0, 0, 370, 350, 0, 0, 0, 0, 0, 0, 0, 0, 0, 0, 0, 0, 0, 0, 0, 0, 0, 0, 0, 0, 0, 0, 0, 0, 0, 0, 283, 283, 283, 283, 337, 0, 0, 283, 283, 283, 283, 283, 0, 0, 0, 0, 0, 0, 0, 0, 0, 0, 0, 0, 0, 0, 0, 0, 0, 0, 0, 0, 0, 0, 0, 352, 0, 0, 0, 0, 352, 374, 0, 0, 0, 283, 283, 283, 283, 283, 283, 283, 283, 0, 0, 0, 0, 0, 0, 0, 0, 0, 0, 0, 0, 0, 0, 0, 0, 0, 0, 0, 0, 0, 0, 0, 0, 370, 355, 0, 0, 0, 0, 0, 0, 369, 0, 0, 0, 0, 0, 0, 0, 0, 0, 0, 0, 0, 0, 0, 0, 0, 0, 0, 352, 0, 0, 0, 0, 0, 0, 0, 0, 0, 0, 0, 0, 0, 0, 0, 0, 0, 0, 0, 0, 0, 0, 0, 0, 376, 0, 0, 0, 265, 283, 283, 283, 283, 283, 337, 0, 0, 352, 0, 0, 0, 0, 0, 0, 0, 0, 0, 0, 0, 0, 0, 0, 0, 0, 0, 0, 0, 0, 0, 0, 0, 0, 0, 0, 0, 0, 0, 0, 0, 0, 265, 283, 283, 283, 337, 0, 0, 0, 0, 0, 0, 0, 0, 352, 0, 0, 0, 0, 0, 0, 0, 0, 0, 0, 0, 0, 370, 124, 86, 124, 0, 370, 0, 0, 0, 0, 0, 0, 370, 87, 0, 0, 124, 0, 370],
         "height":15,
         "name":"Front",
         "opacity":1,
         "type":"tilelayer",
         "visible":true,
         "width":20,
         "x":0,
         "y":0
        }, 
        {
         "data":[0, 0, 0, 69, 0, 69, 0, 0, 0, 0, 0, 0, 69, 0, 69, 0, 0, 0, 0, 0, 0, 0, 0, 0, 0, 0, 0, 0, 0, 0, 0, 0, 0, 0, 0, 0, 0, 0, 0, 0, 0, 0, 0, 0, 0, 0, 0, 0, 58, 0, 0, 0, 0, 0, 0, 0, 0, 0, 58, 0, 0, 0, 0, 0, 0, 0, 0, 0, 0, 0, 0, 0, 0, 0, 0, 0, 0, 0, 0, 0, 0, 0, 0, 0, 0, 0, 0, 0, 0, 0, 0, 0, 0, 0, 0, 0, 0, 0, 0, 0, 0, 0, 0, 0, 0, 0, 0, 0, 0, 0, 0, 0, 0, 0, 0, 0, 0, 0, 0, 0, 0, 0, 0, 0, 0, 0, 0, 0, 0, 0, 0, 0, 0, 0, 0, 0, 0, 0, 0, 0, 0, 0, 0, 0, 0, 0, 0, 0, 0, 0, 0, 0, 0, 0, 0, 0, 0, 0, 0, 0, 0, 0, 0, 0, 0, 0, 0, 0, 0, 0, 0, 0, 0, 0, 0, 0, 0, 0, 0, 0, 0, 0, 0, 0, 0, 0, 0, 0, 0, 0, 0, 0, 0, 0, 0, 0, 0, 0, 0, 0, 0, 0, 0, 0, 0, 0, 0, 0, 0, 0, 0, 0, 0, 0, 0, 0, 0, 0, 0, 0, 0, 0, 0, 0, 0, 0, 0, 0, 0, 0, 0, 0, 0, 0, 0, 0, 0, 0, 0, 0, 0, 0, 0, 0, 0, 0, 0, 0, 0, 0, 0, 0, 0, 0, 0, 0, 0, 0, 0, 0, 0, 0, 0, 0, 0, 0, 0, 0, 0, 0, 0, 0, 0, 0, 0, 0, 0, 0, 0, 0, 58, 0, 0, 0, 0, 0, 0, 0, 0, 0, 58, 0, 0, 0, 0, 0, 0, 0, 0, 0],
         "height":15,
         "name":"bomb",
         "opacity":1,
         "type":"tilelayer",
         "visible":true,
         "width":20,
         "x":0,
         "y":0
        }],
 "orientation":"orthogonal",
 "properties":
    {

    },
 "tileheight":50,
 "tilesets":[
        {
         "firstgid":1,
         "image":"bandit_spritesheet.png",
         "imageheight":1250,
         "imagewidth":900,
         "margin":0,
         "name":"bandit_spritesheet",
         "properties":
            {

            },
         "spacing":0,
         "tileheight":50,
         "tilewidth":50
        }],
 "tilewidth":50,
 "version":1,
 "width":20
}