{ "height":15,
 "layers":[
        {
         "data":[0, 0, 46, 0, 0, 0, 0, 0, 0, 46, 0, 0, 0, 0, 0, 0, 0, 46, 46, 0, 46, 0, 0, 46, 247, 221, 220, 248, 46, 0, 0, 46, 46, 247, 221, 220, 248, 46, 46, 46, 0, 46, 46, 46, 0, 0, 0, 0, 46, 46, 46, 46, 46, 0, 0, 0, 0, 46, 46, 46, 0, 46, 46, 46, 46, 46, 46, 46, 46, 46, 0, 46, 46, 46, 46, 46, 46, 0, 0, 0, 0, 46, 46, 0, 0, 46, 0, 0, 46, 46, 0, 0, 0, 46, 0, 0, 46, 247, 221, 248, 0, 0, 46, 0, 0, 46, 46, 46, 46, 46, 46, 46, 0, 46, 46, 46, 46, 0, 0, 0, 0, 0, 46, 0, 0, 0, 0, 0, 46, 0, 46, 0, 0, 46, 0, 0, 46, 46, 46, 46, 46, 0, 46, 46, 247, 221, 248, 46, 46, 0, 46, 46, 46, 46, 46, 0, 0, 46, 0, 0, 0, 0, 0, 46, 0, 0, 0, 46, 0, 0, 46, 0, 0, 0, 46, 0, 0, 46, 46, 46, 46, 46, 46, 46, 46, 46, 46, 46, 46, 46, 46, 247, 221, 248, 46, 46, 46, 0, 0, 0, 46, 46, 0, 0, 0, 0, 0, 0, 0, 0, 0, 0, 0, 0, 0, 0, 0, 0, 0, 46, 46, 46, 247, 221, 248, 46, 46, 46, 0, 46, 46, 0, 46, 46, 247, 220, 221, 248, 46, 46, 0, 46, 0, 0, 0, 46, 0, 0, 0, 0, 0, 0, 0, 46, 0, 0, 0, 0, 46, 0, 46, 46, 221, 46, 0, 46, 46, 46, 46, 221, 46, 46, 46, 46, 247, 220, 221, 248, 46, 46, 0, 46, 0, 0, 0, 0, 0, 46, 0, 0, 0, 46, 0, 0, 0, 0, 0, 0, 46, 0],
         "height":15,
         "name":"Blocks",
         "opacity":1,
         "type":"tilelayer",
         "visible":true,
         "width":20,
         "x":0,
         "y":0
        }, 
        {
         "data":[0, 0, 0, 0, 0, 0, 0, 0, 0, 0, 0, 0, 0, 0, 0, 0, 0, 0, 0, 0, 80, 0, 0, 0, 0, 0, 0, 80, 0, 0, 0, 0, 80, 0, 0, 0, 0, 0, 0, 0, 80, 0, 0, 0, 0, 0, 0, 80, 0, 0, 0, 0, 80, 0, 0, 0, 0, 0, 0, 0, 80, 0, 0, 0, 0, 80, 0, 0, 0, 0, 0, 0, 80, 0, 0, 0, 0, 0, 0, 0, 80, 0, 0, 0, 0, 80, 0, 0, 0, 0, 0, 0, 80, 0, 0, 0, 0, 0, 0, 0, 80, 0, 0, 0, 0, 80, 0, 0, 0, 0, 0, 0, 80, 0, 0, 0, 0, 0, 0, 0, 80, 0, 0, 0, 0, 80, 0, 0, 0, 0, 0, 0, 80, 0, 0, 0, 0, 80, 0, 0, 0, 0, 0, 0, 0, 0, 0, 80, 0, 0, 0, 0, 0, 0, 0, 0, 0, 80, 0, 0, 0, 0, 0, 0, 0, 0, 0, 80, 0, 0, 0, 0, 0, 0, 0, 0, 0, 80, 0, 0, 0, 0, 0, 0, 0, 0, 0, 80, 0, 0, 0, 0, 0, 0, 0, 0, 0, 80, 0, 0, 0, 0, 0, 0, 0, 0, 0, 80, 0, 0, 0, 0, 0, 0, 0, 0, 0, 80, 0, 0, 0, 0, 0, 80, 0, 0, 0, 80, 0, 0, 0, 0, 80, 0, 0, 80, 0, 0, 0, 0, 0, 0, 0, 80, 0, 0, 0, 80, 0, 0, 0, 0, 80, 0, 0, 80, 0, 0, 0, 0, 80, 0, 0, 80, 0, 0, 80, 0, 0, 80, 0, 0, 80, 0, 0, 80, 0, 0, 0, 80, 80, 0, 0, 80, 0, 0, 80, 0, 0, 80, 0, 0, 80, 0, 0, 80, 0, 0, 0, 80],
         "height":15,
         "name":"Ladders",
         "opacity":1,
         "type":"tilelayer",
         "visible":true,
         "width":20,
         "x":0,
         "y":0
        }, 
        {
         "data":[66, 0, 0, 0, 0, 0, 0, 0, 0, 0, 0, 0, 0, 0, 0, 0, 0, 0, 0, 0, 0, 0, 0, 0, 0, 0, 0, 0, 0, 0, 0, 0, 0, 0, 0, 0, 0, 0, 0, 0, 0, 0, 0, 0, 0, 0, 0, 0, 0, 0, 0, 0, 0, 0, 0, 0, 0, 0, 0, 0, 0, 0, 0, 0, 0, 0, 0, 0, 0, 0, 0, 0, 0, 0, 0, 0, 0, 0, 0, 0, 0, 0, 0, 0, 0, 0, 0, 0, 0, 0, 0, 0, 0, 0, 0, 0, 0, 0, 0, 0, 0, 0, 0, 0, 0, 0, 0, 0, 0, 0, 0, 0, 0, 0, 0, 0, 0, 0, 0, 0, 0, 0, 0, 0, 0, 0, 0, 0, 0, 0, 0, 0, 0, 0, 0, 0, 0, 0, 0, 0, 0, 0, 0, 0, 0, 0, 0, 0, 0, 0, 0, 0, 0, 0, 0, 0, 0, 0, 0, 0, 0, 0, 0, 0, 0, 0, 0, 0, 0, 0, 0, 0, 0, 0, 0, 0, 0, 0, 0, 0, 0, 0, 0, 0, 0, 0, 0, 0, 0, 0, 0, 0, 0, 0, 0, 0, 0, 0, 0, 66, 0, 0, 0, 0, 0, 0, 0, 0, 0, 0, 0, 0, 0, 0, 0, 0, 0, 0, 0, 0, 0, 0, 0, 0, 0, 0, 0, 0, 0, 0, 0, 0, 0, 0, 0, 0, 0, 0, 0, 0, 0, 0, 0, 0, 0, 0, 319, 0, 0, 319, 319, 0, 0, 0, 0, 0, 0, 0, 0, 0, 0, 0, 0, 0, 0, 0, 0, 0, 0, 0, 0, 0, 0, 0, 0, 0, 0, 0, 0, 0, 0, 0, 0, 0, 0, 66, 0, 0, 319, 0, 319, 0, 0, 0, 66, 0, 0, 0, 0, 0],
         "height":15,
         "name":"Back",
         "opacity":1,
         "type":"tilelayer",
         "visible":true,
         "width":20,
         "x":0,
         "y":0
        }, 
        {
         "data":[0, 0, 0, 0, 0, 0, 74, 0, 0, 0, 0, 0, 104, 0, 74, 0, 91, 0, 0, 0, 0, 104, 0, 0, 0, 0, 0, 0, 0, 0, 74, 0, 0, 0, 0, 0, 0, 0, 0, 0, 0, 0, 0, 0, 104, 0, 0, 74, 0, 0, 0, 0, 0, 0, 0, 74, 0, 0, 0, 0, 0, 0, 0, 0, 0, 0, 0, 0, 0, 0, 0, 0, 0, 0, 0, 0, 0, 0, 0, 104, 0, 0, 0, 0, 0, 0, 0, 74, 0, 0, 0, 0, 0, 0, 0, 0, 0, 0, 0, 0, 0, 0, 0, 0, 0, 0, 0, 0, 0, 0, 0, 0, 0, 0, 0, 0, 0, 74, 0, 0, 0, 0, 0, 0, 74, 0, 0, 91, 0, 0, 0, 0, 0, 0, 0, 0, 0, 0, 0, 0, 0, 0, 0, 0, 0, 0, 0, 0, 0, 0, 0, 0, 0, 0, 0, 0, 0, 0, 0, 104, 104, 0, 74, 0, 0, 0, 74, 0, 0, 104, 0, 0, 0, 74, 0, 104, 0, 0, 0, 0, 0, 0, 0, 0, 0, 0, 0, 0, 0, 0, 0, 0, 0, 0, 0, 0, 0, 0, 0, 0, 0, 0, 0, 74, 0, 0, 74, 0, 0, 0, 0, 0, 0, 74, 0, 0, 74, 0, 91, 0, 0, 0, 0, 0, 0, 0, 0, 0, 0, 0, 0, 0, 0, 0, 0, 0, 0, 0, 0, 0, 0, 0, 91, 0, 0, 0, 0, 74, 0, 74, 0, 104, 0, 0, 74, 0, 0, 74, 0, 0, 0, 0, 0, 0, 0, 0, 0, 0, 0, 0, 0, 0, 0, 0, 0, 0, 0, 0, 0, 0, 0, 0, 0, 0, 1, 0, 0, 0, 0, 0, 0, 0, 0, 19, 0, 0, 0, 0, 0, 0],
         "height":15,
         "name":"Cast",
         "opacity":1,
         "type":"tilelayer",
         "visible":true,
         "width":20,
         "x":0,
         "y":0
        }, 
        {
         "data":[117, 67, 0, 67, 117, 67, 67, 67, 67, 0, 67, 117, 67, 67, 67, 67, 67, 0, 0, 89, 67, 67, 67, 0, 0, 0, 0, 67, 0, 67, 67, 0, 67, 0, 0, 0, 0, 0, 0, 0, 67, 67, 0, 0, 67, 67, 67, 67, 0, 0, 0, 0, 67, 67, 67, 67, 67, 0, 0, 0, 67, 0, 0, 0, 67, 0, 0, 0, 0, 0, 0, 0, 67, 0, 0, 0, 0, 67, 67, 67, 67, 0, 0, 67, 67, 0, 89, 67, 0, 0, 67, 67, 67, 0, 67, 0, 0, 0, 0, 0, 67, 67, 0, 67, 67, 0, 0, 0, 0, 0, 0, 0, 67, 0, 0, 0, 0, 67, 67, 67, 67, 67, 0, 67, 67, 67, 67, 67, 0, 0, 0, 67, 67, 0, 67, 67, 0, 67, 0, 0, 0, 67, 0, 0, 0, 0, 0, 67, 0, 67, 0, 0, 0, 0, 0, 67, 67, 67, 67, 67, 67, 67, 67, 0, 67, 67, 67, 67, 67, 67, 0, 67, 67, 67, 0, 67, 67, 67, 0, 0, 0, 0, 0, 0, 0, 0, 0, 67, 0, 67, 0, 0, 0, 0, 0, 0, 0, 67, 67, 117, 0, 0, 67, 67, 67, 67, 67, 67, 67, 67, 67, 67, 67, 67, 67, 67, 67, 67, 67, 0, 0, 0, 0, 67, 0, 0, 0, 67, 67, 0, 0, 67, 67, 0, 0, 67, 0, 0, 0, 0, 89, 0, 67, 67, 67, 0, 67, 67, 67, 67, 67, 67, 67, 0, 67, 67, 67, 67, 0, 67, 67, 0, 0, 67, 67, 0, 67, 0, 0, 67, 0, 0, 67, 0, 0, 67, 0, 0, 0, 0, 67, 0, 67, 67, 0, 67, 67, 0, 67, 67, 67, 0, 67, 0, 67, 67, 67, 67, 0, 89],
         "height":15,
         "name":"Coins",
         "opacity":1,
         "type":"tilelayer",
         "visible":true,
         "width":20,
         "x":0,
         "y":0
        }, 
        {
         "data":[0, 0, 0, 262, 264, 264, 264, 264, 336, 0, 0, 0, 262, 264, 264, 264, 264, 0, 0, 0, 0, 0, 0, 0, 0, 0, 0, 0, 0, 0, 0, 0, 0, 0, 0, 0, 0, 0, 0, 0, 0, 0, 0, 0, 0, 0, 0, 0, 0, 0, 0, 0, 0, 0, 0, 0, 0, 0, 0, 0, 0, 0, 0, 0, 0, 0, 0, 0, 0, 0, 0, 0, 0, 0, 0, 0, 0, 264, 264, 264, 0, 0, 0, 0, 0, 0, 0, 0, 0, 0, 0, 0, 0, 0, 0, 0, 0, 0, 0, 0, 0, 0, 0, 0, 0, 0, 0, 0, 0, 0, 0, 0, 0, 0, 0, 0, 0, 0, 0, 0, 0, 0, 0, 262, 264, 264, 264, 336, 0, 0, 0, 0, 0, 0, 0, 0, 0, 0, 0, 0, 0, 0, 0, 0, 0, 0, 0, 0, 0, 0, 0, 0, 0, 0, 0, 0, 0, 0, 0, 0, 0, 0, 0, 0, 0, 0, 0, 0, 0, 0, 0, 264, 264, 264, 0, 0, 0, 0, 0, 0, 0, 0, 0, 0, 0, 0, 0, 0, 0, 0, 0, 0, 0, 0, 0, 0, 0, 0, 0, 0, 0, 0, 264, 264, 264, 336, 0, 0, 0, 0, 0, 0, 0, 262, 264, 264, 264, 264, 336, 0, 0, 0, 0, 0, 0, 0, 0, 0, 0, 0, 0, 0, 0, 0, 0, 0, 0, 0, 0, 0, 0, 0, 264, 336, 0, 0, 0, 0, 0, 0, 0, 0, 0, 0, 264, 264, 264, 264, 0, 0, 0, 0, 0, 0, 0, 0, 0, 0, 0, 0, 0, 0, 0, 0, 0, 0, 0, 0, 0, 0, 0, 0, 78, 0, 0, 0, 0, 0, 0, 0, 87, 0, 0, 0, 0, 0, 0, 0, 0, 0],
         "height":15,
         "name":"Front",
         "opacity":1,
         "type":"tilelayer",
         "visible":true,
         "width":20,
         "x":0,
         "y":0
        }, 
        {
         "data":[0, 0, 0, 0, 0, 0, 0, 0, 0, 0, 0, 0, 0, 0, 0, 0, 0, 69, 69, 0, 0, 0, 0, 0, 0, 0, 0, 0, 0, 0, 0, 0, 0, 0, 0, 0, 0, 0, 0, 0, 0, 0, 0, 0, 0, 0, 0, 0, 0, 0, 0, 0, 0, 0, 0, 0, 0, 0, 0, 0, 0, 0, 0, 0, 0, 0, 0, 0, 0, 0, 58, 0, 0, 0, 0, 0, 0, 0, 0, 0, 0, 0, 0, 0, 0, 0, 0, 0, 0, 0, 0, 0, 0, 0, 0, 58, 0, 0, 0, 0, 0, 0, 0, 0, 0, 0, 0, 0, 0, 0, 0, 0, 0, 0, 0, 0, 0, 0, 0, 0, 0, 0, 0, 0, 0, 0, 0, 0, 0, 58, 0, 0, 0, 0, 0, 0, 0, 0, 0, 0, 0, 0, 0, 0, 0, 0, 0, 0, 0, 0, 0, 0, 0, 0, 0, 0, 0, 0, 0, 0, 0, 0, 0, 0, 0, 0, 0, 0, 0, 0, 0, 0, 0, 0, 0, 0, 0, 0, 0, 0, 0, 0, 0, 0, 0, 0, 0, 0, 0, 0, 0, 0, 0, 0, 0, 0, 0, 0, 0, 0, 0, 0, 0, 0, 0, 0, 0, 0, 0, 0, 0, 0, 0, 0, 0, 0, 0, 0, 0, 0, 0, 0, 0, 0, 0, 0, 0, 0, 0, 0, 0, 0, 0, 0, 0, 0, 0, 0, 0, 0, 0, 69, 0, 0, 0, 0, 0, 0, 0, 0, 0, 0, 0, 0, 0, 0, 0, 0, 69, 0, 0, 0, 0, 0, 0, 0, 0, 0, 0, 0, 0, 0, 0, 0, 0, 0, 0, 0, 0, 0, 0, 69, 0, 0, 0, 0, 0, 0, 0, 0, 0, 58, 0, 0, 0, 0, 0, 0, 69, 0],
         "height":15,
         "name":"bomb",
         "opacity":1,
         "type":"tilelayer",
         "visible":true,
         "width":20,
         "x":0,
         "y":0
        }],
 "orientation":"orthogonal",
 "properties":
    {

    },
 "tileheight":50,
 "tilesets":[
        {
         "firstgid":1,
         "image":"bandit_spritesheet.png",
         "imageheight":1250,
         "imagewidth":900,
         "margin":0,
         "name":"bandit_spritesheet",
         "properties":
            {

            },
         "spacing":0,
         "tileheight":50,
         "tilewidth":50
        }],
 "tilewidth":50,
 "version":1,
 "width":20
}