{ "height":15,
 "layers":[
        {
         "data":[0, 44, 44, 0, 44, 44, 0, 44, 44, 0, 44, 44, 0, 0, 44, 0, 0, 0, 0, 0, 253, 44, 44, 44, 44, 44, 44, 44, 44, 44, 44, 44, 44, 254, 44, 253, 44, 44, 44, 254, 0, 0, 0, 0, 0, 44, 0, 0, 44, 44, 44, 44, 44, 0, 0, 0, 44, 44, 44, 0, 253, 303, 239, 240, 254, 44, 44, 44, 0, 0, 0, 0, 44, 44, 44, 44, 44, 44, 44, 44, 0, 44, 44, 44, 0, 0, 0, 0, 44, 253, 303, 254, 44, 0, 0, 0, 0, 0, 0, 0, 44, 44, 44, 44, 44, 44, 44, 44, 0, 0, 0, 0, 44, 44, 44, 253, 240, 239, 254, 44, 0, 0, 0, 0, 0, 44, 0, 0, 44, 253, 254, 44, 0, 0, 44, 0, 0, 0, 0, 0, 0, 44, 253, 239, 254, 44, 44, 44, 0, 0, 0, 0, 44, 44, 44, 0, 44, 44, 44, 0, 0, 0, 0, 0, 0, 0, 0, 0, 44, 44, 44, 44, 0, 0, 0, 0, 0, 0, 0, 0, 44, 0, 44, 44, 44, 44, 44, 44, 44, 44, 0, 44, 44, 44, 44, 44, 44, 44, 0, 44, 0, 0, 0, 44, 44, 0, 44, 44, 44, 44, 44, 44, 44, 44, 0, 44, 44, 0, 0, 0, 253, 254, 44, 44, 44, 44, 44, 44, 44, 44, 0, 44, 44, 44, 44, 44, 44, 44, 44, 44, 0, 0, 44, 0, 0, 0, 0, 0, 0, 0, 0, 0, 0, 44, 0, 0, 44, 0, 0, 44, 44, 44, 44, 253, 240, 239, 254, 44, 44, 44, 44, 44, 44, 44, 253, 254, 44, 253, 254, 44, 0, 0, 0, 0, 0, 0, 0, 44, 44, 44, 44, 44, 0, 0, 0, 0, 0, 0, 0, 0],
         "height":15,
         "name":"Blocks",
         "opacity":1,
         "type":"tilelayer",
         "visible":true,
         "width":20,
         "x":0,
         "y":0
        }, 
        {
         "data":[0, 0, 0, 0, 0, 0, 0, 0, 0, 0, 0, 0, 0, 0, 0, 0, 0, 0, 0, 0, 0, 0, 0, 0, 0, 0, 0, 0, 0, 0, 0, 0, 0, 81, 0, 81, 0, 0, 0, 0, 0, 0, 0, 0, 0, 0, 0, 0, 0, 0, 0, 0, 0, 81, 0, 81, 0, 0, 0, 0, 0, 0, 0, 0, 81, 0, 81, 0, 0, 0, 0, 0, 0, 0, 81, 0, 0, 0, 0, 81, 0, 0, 0, 0, 81, 0, 81, 0, 81, 0, 0, 0, 0, 0, 81, 0, 0, 0, 0, 0, 81, 0, 0, 0, 81, 0, 0, 0, 81, 0, 0, 0, 0, 0, 0, 0, 0, 0, 0, 81, 0, 0, 0, 0, 81, 0, 0, 0, 0, 0, 0, 81, 0, 0, 0, 0, 0, 0, 0, 81, 0, 0, 0, 0, 0, 0, 0, 0, 0, 0, 0, 81, 0, 0, 0, 0, 81, 0, 0, 81, 0, 0, 0, 0, 0, 0, 0, 0, 81, 0, 0, 0, 0, 0, 0, 0, 81, 0, 0, 81, 0, 0, 81, 0, 0, 0, 0, 0, 81, 0, 0, 0, 0, 0, 0, 0, 0, 0, 0, 0, 0, 0, 81, 0, 0, 0, 0, 0, 81, 0, 81, 0, 0, 0, 0, 0, 0, 0, 0, 0, 81, 0, 0, 0, 0, 81, 0, 0, 81, 0, 81, 0, 0, 0, 81, 0, 0, 0, 0, 81, 81, 0, 0, 0, 0, 0, 0, 0, 81, 0, 81, 0, 0, 0, 0, 0, 0, 0, 0, 81, 81, 0, 0, 0, 0, 0, 81, 0, 0, 0, 0, 0, 81, 0, 0, 0, 0, 0, 0, 81, 81, 0, 0, 0, 0, 0, 81, 0, 0, 0, 0, 0, 81, 0, 0, 0, 0, 0, 0, 81],
         "height":15,
         "name":"Ladders",
         "opacity":1,
         "type":"tilelayer",
         "visible":true,
         "width":20,
         "x":0,
         "y":0
        }, 
        {
         "data":[0, 0, 0, 0, 0, 0, 0, 0, 0, 0, 0, 0, 0, 0, 0, 0, 0, 0, 0, 0, 0, 0, 0, 0, 0, 0, 0, 0, 0, 0, 0, 0, 0, 0, 0, 0, 0, 0, 0, 0, 0, 320, 320, 320, 320, 0, 320, 320, 0, 0, 0, 0, 0, 0, 185, 0, 0, 0, 0, 0, 0, 0, 0, 0, 0, 0, 0, 0, 0, 320, 320, 320, 0, 0, 0, 0, 0, 0, 0, 0, 0, 0, 0, 0, 0, 0, 0, 0, 0, 0, 0, 0, 0, 320, 0, 320, 320, 320, 320, 150, 0, 0, 0, 0, 0, 0, 0, 0, 0, 0, 0, 0, 0, 0, 0, 0, 0, 0, 0, 0, 0, 0, 0, 0, 0, 0, 0, 0, 0, 0, 0, 0, 0, 0, 0, 0, 0, 0, 0, 0, 0, 0, 0, 0, 0, 0, 0, 0, 0, 0, 0, 0, 0, 0, 0, 0, 0, 0, 0, 0, 125, 0, 0, 0, 0, 320, 320, 320, 0, 0, 0, 0, 320, 320, 320, 0, 0, 320, 0, 0, 0, 0, 0, 0, 0, 0, 0, 0, 0, 0, 88, 0, 0, 0, 0, 0, 0, 0, 0, 0, 0, 0, 0, 0, 0, 0, 0, 0, 0, 0, 0, 0, 0, 0, 150, 0, 0, 0, 0, 0, 0, 0, 0, 0, 0, 0, 0, 0, 0, 0, 0, 0, 0, 0, 0, 0, 0, 0, 0, 0, 0, 0, 0, 320, 320, 320, 320, 320, 0, 320, 0, 320, 320, 0, 320, 320, 0, 320, 320, 0, 0, 0, 0, 0, 0, 0, 0, 0, 0, 0, 0, 0, 0, 0, 0, 0, 0, 0, 0, 0, 0, 150, 125, 0, 125, 88, 0, 0, 0, 0, 0, 0, 0, 66, 125, 0, 150, 88, 125, 0],
         "height":15,
         "name":"Back",
         "opacity":0.980000019073486,
         "type":"tilelayer",
         "visible":true,
         "width":20,
         "x":0,
         "y":0
        }, 
        {
         "data":[0, 0, 0, 0, 0, 0, 0, 0, 0, 0, 0, 0, 127, 0, 0, 74, 0, 0, 74, 91, 0, 0, 0, 0, 0, 0, 0, 0, 0, 0, 0, 0, 0, 0, 0, 0, 0, 0, 0, 0, 91, 0, 74, 0, 127, 0, 0, 104, 0, 0, 0, 0, 0, 0, 0, 0, 0, 0, 0, 0, 0, 0, 0, 0, 0, 0, 0, 0, 127, 0, 0, 74, 0, 0, 0, 0, 0, 0, 0, 0, 0, 0, 0, 0, 0, 0, 0, 91, 0, 0, 0, 0, 0, 0, 0, 0, 74, 0, 91, 0, 0, 0, 0, 0, 0, 0, 0, 0, 0, 74, 0, 0, 0, 0, 0, 0, 0, 0, 0, 0, 0, 91, 0, 74, 0, 0, 104, 0, 0, 0, 0, 0, 0, 104, 0, 0, 0, 0, 74, 0, 0, 0, 0, 0, 0, 0, 0, 0, 91, 0, 74, 0, 0, 0, 0, 0, 0, 0, 0, 0, 0, 0, 0, 0, 0, 74, 0, 74, 0, 0, 0, 0, 104, 0, 0, 74, 0, 74, 0, 0, 0, 0, 0, 0, 0, 0, 0, 0, 0, 0, 0, 0, 0, 0, 0, 0, 0, 0, 0, 0, 91, 0, 74, 0, 0, 0, 0, 0, 0, 0, 0, 0, 0, 0, 0, 0, 0, 0, 91, 74, 0, 0, 0, 0, 0, 0, 0, 0, 0, 0, 0, 0, 0, 0, 0, 0, 0, 0, 0, 0, 0, 104, 0, 91, 0, 104, 0, 74, 0, 74, 0, 74, 91, 0, 104, 0, 0, 0, 104, 0, 0, 0, 0, 0, 0, 0, 0, 0, 0, 0, 0, 0, 0, 0, 0, 0, 0, 0, 0, 0, 0, 0, 0, 1, 0, 0, 0, 0, 0, 0, 0, 0, 0, 0, 0, 19, 0, 0, 0, 0],
         "height":15,
         "name":"Cast",
         "opacity":1,
         "type":"tilelayer",
         "visible":true,
         "width":20,
         "x":0,
         "y":0
        }, 
        {
         "data":[89, 0, 0, 89, 0, 0, 89, 0, 0, 89, 0, 0, 67, 67, 0, 67, 67, 67, 67, 67, 0, 0, 0, 0, 0, 0, 0, 0, 0, 0, 0, 0, 0, 67, 0, 67, 0, 0, 0, 0, 117, 67, 67, 67, 67, 0, 67, 67, 0, 0, 0, 0, 0, 67, 117, 67, 0, 0, 0, 0, 0, 0, 0, 0, 67, 0, 0, 0, 67, 67, 67, 67, 0, 0, 67, 0, 0, 0, 0, 0, 0, 0, 0, 0, 67, 67, 67, 67, 67, 0, 0, 0, 0, 67, 67, 67, 67, 67, 67, 67, 0, 0, 0, 0, 67, 0, 0, 0, 67, 67, 67, 67, 0, 0, 0, 0, 0, 0, 0, 67, 67, 67, 67, 67, 67, 0, 67, 67, 0, 0, 0, 67, 67, 67, 0, 67, 67, 67, 67, 67, 67, 0, 0, 0, 0, 0, 0, 0, 67, 67, 67, 67, 0, 0, 0, 67, 67, 0, 0, 67, 67, 67, 67, 67, 67, 67, 67, 67, 67, 0, 0, 0, 67, 67, 67, 67, 67, 67, 67, 67, 0, 67, 67, 0, 0, 0, 0, 0, 67, 0, 67, 0, 0, 0, 0, 0, 0, 0, 67, 0, 67, 67, 67, 0, 0, 0, 0, 0, 67, 0, 67, 0, 0, 0, 0, 0, 0, 67, 67, 67, 67, 0, 0, 0, 0, 0, 0, 0, 67, 0, 67, 0, 0, 0, 0, 0, 0, 0, 0, 67, 67, 67, 0, 67, 67, 67, 67, 67, 67, 67, 67, 67, 67, 0, 67, 67, 0, 67, 67, 67, 67, 0, 0, 0, 0, 0, 67, 0, 0, 0, 0, 0, 67, 0, 0, 0, 0, 0, 0, 67, 67, 67, 67, 0, 67, 67, 67, 0, 0, 0, 0, 0, 67, 67, 67, 0, 67, 67, 67, 67],
         "height":15,
         "name":"Coins",
         "opacity":1,
         "type":"tilelayer",
         "visible":true,
         "width":20,
         "x":0,
         "y":0
        }, 
        {
         "data":[273, 333, 0, 86, 0, 0, 0, 0, 0, 0, 0, 0, 295, 273, 0, 273, 333, 0, 295, 273, 0, 0, 0, 0, 0, 0, 0, 0, 0, 0, 0, 0, 0, 0, 0, 0, 0, 0, 0, 0, 273, 273, 273, 273, 273, 0, 0, 439, 0, 0, 0, 0, 0, 0, 0, 0, 0, 0, 0, 0, 0, 296, 296, 296, 0, 0, 0, 0, 295, 273, 273, 273, 0, 0, 0, 0, 0, 0, 0, 0, 0, 0, 0, 0, 0, 0, 0, 0, 0, 0, 0, 0, 0, 396, 295, 273, 273, 273, 273, 333, 0, 0, 0, 0, 0, 0, 0, 0, 295, 273, 273, 333, 0, 0, 0, 0, 0, 0, 0, 0, 0, 295, 273, 273, 273, 0, 182, 184, 0, 0, 0, 0, 184, 182, 0, 0, 183, 182, 183, 0, 0, 0, 0, 0, 0, 0, 0, 0, 0, 0, 0, 0, 0, 0, 0, 0, 0, 0, 0, 0, 0, 0, 183, 184, 183, 184, 183, 183, 0, 0, 0, 0, 183, 184, 183, 184, 183, 184, 0, 0, 0, 0, 0, 0, 0, 0, 0, 0, 0, 0, 0, 0, 0, 0, 0, 0, 0, 0, 0, 0, 273, 273, 333, 0, 0, 0, 0, 0, 0, 0, 0, 0, 0, 0, 0, 0, 0, 183, 184, 183, 0, 0, 0, 0, 0, 0, 0, 0, 0, 0, 0, 0, 0, 0, 0, 0, 0, 0, 0, 0, 184, 183, 0, 273, 273, 273, 273, 333, 184, 183, 184, 183, 184, 0, 273, 273, 0, 273, 273, 0, 0, 0, 0, 0, 0, 0, 0, 0, 0, 0, 0, 0, 0, 0, 0, 0, 0, 0, 0, 0, 0, 0, 0, 0, 0, 88, 0, 0, 0, 0, 0, 0, 0, 0, 0, 0, 0, 88, 0, 0],
         "height":15,
         "name":"Front",
         "opacity":1,
         "type":"tilelayer",
         "visible":true,
         "width":20,
         "x":0,
         "y":0
        }, 
        {
         "data":[0, 69, 69, 0, 69, 69, 0, 69, 69, 0, 69, 69, 0, 0, 0, 0, 0, 0, 0, 0, 0, 0, 0, 0, 0, 0, 0, 0, 0, 0, 0, 0, 0, 0, 0, 0, 0, 0, 0, 0, 0, 0, 0, 0, 0, 0, 0, 0, 0, 0, 0, 0, 0, 0, 0, 0, 0, 0, 0, 58, 0, 0, 0, 0, 0, 0, 0, 0, 0, 0, 0, 0, 0, 0, 0, 0, 0, 0, 0, 0, 58, 0, 0, 0, 0, 0, 0, 0, 0, 0, 0, 0, 0, 0, 0, 0, 0, 0, 0, 0, 0, 0, 0, 0, 0, 0, 0, 0, 0, 0, 0, 0, 0, 0, 0, 0, 0, 0, 0, 0, 0, 0, 0, 0, 0, 0, 0, 0, 0, 0, 0, 0, 0, 0, 0, 0, 0, 0, 0, 0, 0, 0, 0, 0, 0, 0, 0, 0, 0, 0, 0, 0, 0, 0, 0, 0, 0, 0, 0, 0, 0, 0, 0, 0, 0, 0, 0, 0, 0, 0, 0, 0, 0, 0, 0, 0, 0, 0, 0, 0, 0, 0, 0, 0, 0, 0, 0, 0, 0, 0, 0, 0, 0, 0, 0, 0, 0, 0, 0, 0, 0, 0, 0, 0, 0, 58, 0, 0, 0, 0, 0, 0, 0, 0, 58, 0, 0, 0, 0, 0, 0, 0, 0, 0, 0, 0, 0, 0, 0, 0, 0, 0, 0, 0, 0, 0, 0, 0, 0, 0, 0, 0, 0, 0, 0, 0, 0, 0, 0, 0, 0, 0, 0, 0, 0, 0, 0, 0, 0, 0, 0, 0, 0, 0, 0, 0, 0, 0, 0, 0, 0, 0, 0, 0, 0, 0, 0, 0, 0, 0, 0, 0, 0, 0, 0, 0, 0, 58, 0, 0, 0, 58, 0, 0, 0, 0, 0, 0, 0, 0],
         "height":15,
         "name":"bomb",
         "opacity":1,
         "type":"tilelayer",
         "visible":true,
         "width":20,
         "x":0,
         "y":0
        }],
 "orientation":"orthogonal",
 "properties":
    {

    },
 "tileheight":50,
 "tilesets":[
        {
         "firstgid":1,
         "image":"bandit_spritesheet.png",
         "imageheight":1250,
         "imagewidth":900,
         "margin":0,
         "name":"bandit_spritesheet",
         "properties":
            {

            },
         "spacing":0,
         "tileheight":50,
         "tilewidth":50
        }],
 "tilewidth":50,
 "version":1,
 "width":20
}